Index,Free,Token,Gift1,Gift2,Gift3,Gift4,Gift5,index,sum_tickets,consume_dollar,now_rank,next_rank,percent,if_more_than_50,buy_5or10_upgrade,buy_5or10or20_upgrade
0,5,0,0,0,0,0,0,0,50,0.0,0,1,0.8333333333333334,1.0,1.0,1.0
1,5,1,0,0,0,0,0,1,110,0.0,1,2,0.7142857142857143,1.0,1.0,1.0
2,5,2,0,0,0,0,0,2,170,0.0,2,3,0.5714285714285714,1.0,1.0,1.0
3,5,3,0,0,0,0,0,3,230,0.0,3,4,0.375,0.0,1.0,1.0
4,5,4,0,0,0,0,0,4,290,0.0,4,5,0.1,0.0,1.0,1.0
5,5,5,0,0,0,0,0,5,350,0.0,4,5,0.7,1.0,1.0,1.0
6,5,0,0,0,0,0,1,6,1150,99.99,9,10,0.5833333333333334,1.0,1.0,1.0
7,5,1,0,0,0,0,1,7,1210,99.99,9,10,0.8333333333333334,1.0,1.0,1.0
8,5,2,0,0,0,0,1,8,1270,99.99,10,11,0.07142857142857142,0.0,0.0,1.0
9,5,3,0,0,0,0,1,9,1330,99.99,10,11,0.2857142857142857,0.0,0.0,1.0
10,5,4,0,0,0,0,1,10,1390,99.99,10,11,0.5,1.0,1.0,1.0
11,5,5,0,0,0,0,1,11,1450,99.99,10,11,0.7142857142857143,1.0,1.0,1.0
12,5,0,0,0,0,1,0,12,700,49.99,7,8,0.35294117647058826,0.0,1.0,1.0
13,5,1,0,0,0,1,0,13,760,49.99,7,8,0.7058823529411765,1.0,1.0,1.0
14,5,2,0,0,0,1,0,14,820,49.99,8,9,0.05,0.0,0.0,1.0
15,5,3,0,0,0,1,0,15,880,49.99,8,9,0.35,0.0,1.0,1.0
16,5,4,0,0,0,1,0,16,940,49.99,8,9,0.65,1.0,1.0,1.0
17,5,5,0,0,0,1,0,17,1000,49.99,8,9,0.95,1.0,1.0,1.0
18,5,0,0,0,0,1,1,18,1800,149.98,11,12,0.84375,1.0,1.0,1.0
19,5,1,0,0,0,1,1,19,1860,149.98,12,13,0.027777777777777776,0.0,0.0,0.0
20,5,2,0,0,0,1,1,20,1920,149.98,12,13,0.19444444444444445,0.0,0.0,1.0
21,5,3,0,0,0,1,1,21,1980,149.98,12,13,0.3611111111111111,0.0,0.0,1.0
22,5,4,0,0,0,1,1,22,2040,149.98,12,13,0.5277777777777778,1.0,0.0,1.0
23,5,5,0,0,0,1,1,23,2100,149.98,12,13,0.6944444444444444,1.0,1.0,1.0
24,5,0,0,0,1,0,0,24,350,19.99,4,5,0.7,1.0,1.0,1.0
25,5,1,0,0,1,0,0,25,410,19.99,5,6,0.25,0.0,1.0,1.0
26,5,2,0,0,1,0,0,26,470,19.99,5,6,0.75,1.0,1.0,1.0
27,5,3,0,0,1,0,0,27,530,19.99,6,7,0.21428571428571427,0.0,1.0,1.0
28,5,4,0,0,1,0,0,28,590,19.99,6,7,0.6428571428571429,1.0,1.0,1.0
29,5,5,0,0,1,0,0,29,650,19.99,7,8,0.058823529411764705,0.0,1.0,1.0
30,5,0,0,0,1,0,1,30,1450,119.97999999999999,10,11,0.7142857142857143,1.0,1.0,1.0
31,5,1,0,0,1,0,1,31,1510,119.97999999999999,10,11,0.9285714285714286,1.0,1.0,1.0
32,5,2,0,0,1,0,1,32,1570,119.97999999999999,11,12,0.125,0.0,0.0,1.0
33,5,3,0,0,1,0,1,33,1630,119.97999999999999,11,12,0.3125,0.0,0.0,1.0
34,5,4,0,0,1,0,1,34,1690,119.97999999999999,11,12,0.5,1.0,1.0,1.0
35,5,5,0,0,1,0,1,35,1750,119.97999999999999,11,12,0.6875,1.0,1.0,1.0
36,5,0,0,0,1,1,0,36,1000,69.98,8,9,0.95,1.0,1.0,1.0
37,5,1,0,0,1,1,0,37,1060,69.98,9,10,0.20833333333333334,0.0,0.0,1.0
38,5,2,0,0,1,1,0,38,1120,69.98,9,10,0.4583333333333333,0.0,1.0,1.0
39,5,3,0,0,1,1,0,39,1180,69.98,9,10,0.7083333333333334,1.0,1.0,1.0
40,5,4,0,0,1,1,0,40,1240,69.98,9,10,0.9583333333333334,1.0,1.0,1.0
41,5,5,0,0,1,1,0,41,1300,69.98,10,11,0.17857142857142858,0.0,0.0,1.0
42,5,0,0,0,1,1,1,42,2100,169.97,12,13,0.6944444444444444,1.0,1.0,1.0
43,5,1,0,0,1,1,1,43,2160,169.97,12,13,0.8611111111111112,1.0,1.0,1.0
44,5,2,0,0,1,1,1,44,2220,169.97,13,14,0.024390243902439025,0.0,0.0,0.0
45,5,3,0,0,1,1,1,45,2280,169.97,13,14,0.17073170731707318,0.0,0.0,0.0
46,5,4,0,0,1,1,1,46,2340,169.97,13,14,0.3170731707317073,0.0,0.0,1.0
47,5,5,0,0,1,1,1,47,2400,169.97,13,14,0.4634146341463415,0.0,0.0,1.0
48,5,0,0,1,0,0,0,48,220,9.99,3,4,0.25,0.0,1.0,1.0
49,5,1,0,1,0,0,0,49,280,9.99,3,4,1.0,1.0,1.0,1.0
50,5,2,0,1,0,0,0,50,340,9.99,4,5,0.6,1.0,1.0,1.0
51,5,3,0,1,0,0,0,51,400,9.99,5,6,0.16666666666666666,0.0,1.0,1.0
52,5,4,0,1,0,0,0,52,460,9.99,5,6,0.6666666666666666,1.0,1.0,1.0
53,5,5,0,1,0,0,0,53,520,9.99,6,7,0.14285714285714285,0.0,1.0,1.0
54,5,0,0,1,0,0,1,54,1320,109.97999999999999,10,11,0.25,0.0,0.0,1.0
55,5,1,0,1,0,0,1,55,1380,109.97999999999999,10,11,0.4642857142857143,0.0,1.0,1.0
56,5,2,0,1,0,0,1,56,1440,109.97999999999999,10,11,0.6785714285714286,1.0,1.0,1.0
57,5,3,0,1,0,0,1,57,1500,109.97999999999999,10,11,0.8928571428571429,1.0,1.0,1.0
58,5,4,0,1,0,0,1,58,1560,109.97999999999999,11,12,0.09375,0.0,0.0,1.0
59,5,5,0,1,0,0,1,59,1620,109.97999999999999,11,12,0.28125,0.0,0.0,1.0
60,5,0,0,1,0,1,0,60,870,59.980000000000004,8,9,0.3,0.0,1.0,1.0
61,5,1,0,1,0,1,0,61,930,59.980000000000004,8,9,0.6,1.0,1.0,1.0
62,5,2,0,1,0,1,0,62,990,59.980000000000004,8,9,0.9,1.0,1.0,1.0
63,5,3,0,1,0,1,0,63,1050,59.980000000000004,9,10,0.16666666666666666,0.0,0.0,1.0
64,5,4,0,1,0,1,0,64,1110,59.980000000000004,9,10,0.4166666666666667,0.0,1.0,1.0
65,5,5,0,1,0,1,0,65,1170,59.980000000000004,9,10,0.6666666666666666,1.0,1.0,1.0
66,5,0,0,1,0,1,1,66,1970,159.97,12,13,0.3333333333333333,0.0,0.0,1.0
67,5,1,0,1,0,1,1,67,2030,159.97,12,13,0.5,1.0,0.0,1.0
68,5,2,0,1,0,1,1,68,2090,159.97,12,13,0.6666666666666666,1.0,1.0,1.0
69,5,3,0,1,0,1,1,69,2150,159.97,12,13,0.8333333333333334,1.0,1.0,1.0
70,5,4,0,1,0,1,1,70,2210,159.97,12,13,1.0,1.0,1.0,1.0
71,5,5,0,1,0,1,1,71,2270,159.97,13,14,0.14634146341463414,0.0,0.0,0.0
72,5,0,0,1,1,0,0,72,520,29.979999999999997,6,7,0.14285714285714285,0.0,1.0,1.0
73,5,1,0,1,1,0,0,73,580,29.979999999999997,6,7,0.5714285714285714,1.0,1.0,1.0
74,5,2,0,1,1,0,0,74,640,29.979999999999997,6,7,1.0,1.0,1.0,1.0
75,5,3,0,1,1,0,0,75,700,29.979999999999997,7,8,0.35294117647058826,0.0,1.0,1.0
76,5,4,0,1,1,0,0,76,760,29.979999999999997,7,8,0.7058823529411765,1.0,1.0,1.0
77,5,5,0,1,1,0,0,77,820,29.979999999999997,8,9,0.05,0.0,0.0,1.0
78,5,0,0,1,1,0,1,78,1620,129.97,11,12,0.28125,0.0,0.0,1.0
79,5,1,0,1,1,0,1,79,1680,129.97,11,12,0.46875,0.0,0.0,1.0
80,5,2,0,1,1,0,1,80,1740,129.97,11,12,0.65625,1.0,1.0,1.0
81,5,3,0,1,1,0,1,81,1800,129.97,11,12,0.84375,1.0,1.0,1.0
82,5,4,0,1,1,0,1,82,1860,129.97,12,13,0.027777777777777776,0.0,0.0,0.0
83,5,5,0,1,1,0,1,83,1920,129.97,12,13,0.19444444444444445,0.0,0.0,1.0
84,5,0,0,1,1,1,0,84,1170,79.97,9,10,0.6666666666666666,1.0,1.0,1.0
85,5,1,0,1,1,1,0,85,1230,79.97,9,10,0.9166666666666666,1.0,1.0,1.0
86,5,2,0,1,1,1,0,86,1290,79.97,10,11,0.14285714285714285,0.0,0.0,1.0
87,5,3,0,1,1,1,0,87,1350,79.97,10,11,0.35714285714285715,0.0,0.0,1.0
88,5,4,0,1,1,1,0,88,1410,79.97,10,11,0.5714285714285714,1.0,1.0,1.0
89,5,5,0,1,1,1,0,89,1470,79.97,10,11,0.7857142857142857,1.0,1.0,1.0
90,5,0,0,1,1,1,1,90,2270,179.95999999999998,13,14,0.14634146341463414,0.0,0.0,0.0
91,5,1,0,1,1,1,1,91,2330,179.95999999999998,13,14,0.2926829268292683,0.0,0.0,1.0
92,5,2,0,1,1,1,1,92,2390,179.95999999999998,13,14,0.43902439024390244,0.0,0.0,1.0
93,5,3,0,1,1,1,1,93,2450,179.95999999999998,13,14,0.5853658536585366,1.0,0.0,1.0
94,5,4,0,1,1,1,1,94,2510,179.95999999999998,13,14,0.7317073170731707,1.0,1.0,1.0
95,5,5,0,1,1,1,1,95,2570,179.95999999999998,13,14,0.8780487804878049,1.0,1.0,1.0
96,5,0,0,2,0,0,0,96,390,19.98,5,6,0.08333333333333333,0.0,1.0,1.0
97,5,1,0,2,0,0,0,97,450,19.98,5,6,0.5833333333333334,1.0,1.0,1.0
98,5,2,0,2,0,0,0,98,510,19.98,6,7,0.07142857142857142,0.0,1.0,1.0
99,5,3,0,2,0,0,0,99,570,19.98,6,7,0.5,1.0,1.0,1.0
100,5,4,0,2,0,0,0,100,630,19.98,6,7,0.9285714285714286,1.0,1.0,1.0
101,5,5,0,2,0,0,0,101,690,19.98,7,8,0.29411764705882354,0.0,1.0,1.0
102,5,0,0,2,0,0,1,102,1490,119.97,10,11,0.8571428571428571,1.0,1.0,1.0
103,5,1,0,2,0,0,1,103,1550,119.97,11,12,0.0625,0.0,0.0,0.0
104,5,2,0,2,0,0,1,104,1610,119.97,11,12,0.25,0.0,0.0,1.0
105,5,3,0,2,0,0,1,105,1670,119.97,11,12,0.4375,0.0,0.0,1.0
106,5,4,0,2,0,0,1,106,1730,119.97,11,12,0.625,1.0,1.0,1.0
107,5,5,0,2,0,0,1,107,1790,119.97,11,12,0.8125,1.0,1.0,1.0
108,5,0,0,2,0,1,0,108,1040,69.97,9,10,0.125,0.0,0.0,1.0
109,5,1,0,2,0,1,0,109,1100,69.97,9,10,0.375,0.0,1.0,1.0
110,5,2,0,2,0,1,0,110,1160,69.97,9,10,0.625,1.0,1.0,1.0
111,5,3,0,2,0,1,0,111,1220,69.97,9,10,0.875,1.0,1.0,1.0
112,5,4,0,2,0,1,0,112,1280,69.97,10,11,0.10714285714285714,0.0,0.0,1.0
113,5,5,0,2,0,1,0,113,1340,69.97,10,11,0.32142857142857145,0.0,0.0,1.0
114,5,0,0,2,0,1,1,114,2140,169.95999999999998,12,13,0.8055555555555556,1.0,1.0,1.0
115,5,1,0,2,0,1,1,115,2200,169.95999999999998,12,13,0.9722222222222222,1.0,1.0,1.0
116,5,2,0,2,0,1,1,116,2260,169.95999999999998,13,14,0.12195121951219512,0.0,0.0,0.0
117,5,3,0,2,0,1,1,117,2320,169.95999999999998,13,14,0.2682926829268293,0.0,0.0,0.0
118,5,4,0,2,0,1,1,118,2380,169.95999999999998,13,14,0.4146341463414634,0.0,0.0,1.0
119,5,5,0,2,0,1,1,119,2440,169.95999999999998,13,14,0.5609756097560976,1.0,0.0,1.0
120,5,0,0,2,1,0,0,120,690,39.97,7,8,0.29411764705882354,0.0,1.0,1.0
121,5,1,0,2,1,0,0,121,750,39.97,7,8,0.6470588235294118,1.0,1.0,1.0
122,5,2,0,2,1,0,0,122,810,39.97,7,8,1.0,1.0,1.0,1.0
123,5,3,0,2,1,0,0,123,870,39.97,8,9,0.3,0.0,1.0,1.0
124,5,4,0,2,1,0,0,124,930,39.97,8,9,0.6,1.0,1.0,1.0
125,5,5,0,2,1,0,0,125,990,39.97,8,9,0.9,1.0,1.0,1.0
126,5,0,0,2,1,0,1,126,1790,139.95999999999998,11,12,0.8125,1.0,1.0,1.0
127,5,1,0,2,1,0,1,127,1850,139.95999999999998,11,12,1.0,1.0,1.0,1.0
128,5,2,0,2,1,0,1,128,1910,139.95999999999998,12,13,0.16666666666666666,0.0,0.0,0.0
129,5,3,0,2,1,0,1,129,1970,139.95999999999998,12,13,0.3333333333333333,0.0,0.0,1.0
130,5,4,0,2,1,0,1,130,2030,139.95999999999998,12,13,0.5,1.0,0.0,1.0
131,5,5,0,2,1,0,1,131,2090,139.95999999999998,12,13,0.6666666666666666,1.0,1.0,1.0
132,5,0,0,2,1,1,0,132,1340,89.96000000000001,10,11,0.32142857142857145,0.0,0.0,1.0
133,5,1,0,2,1,1,0,133,1400,89.96000000000001,10,11,0.5357142857142857,1.0,1.0,1.0
134,5,2,0,2,1,1,0,134,1460,89.96000000000001,10,11,0.75,1.0,1.0,1.0
135,5,3,0,2,1,1,0,135,1520,89.96000000000001,10,11,0.9642857142857143,1.0,1.0,1.0
136,5,4,0,2,1,1,0,136,1580,89.96000000000001,11,12,0.15625,0.0,0.0,1.0
137,5,5,0,2,1,1,0,137,1640,89.96000000000001,11,12,0.34375,0.0,0.0,1.0
138,5,0,0,2,1,1,1,138,2440,189.95,13,14,0.5609756097560976,1.0,0.0,1.0
139,5,1,0,2,1,1,1,139,2500,189.95,13,14,0.7073170731707317,1.0,1.0,1.0
140,5,2,0,2,1,1,1,140,2560,189.95,13,14,0.8536585365853658,1.0,1.0,1.0
141,5,3,0,2,1,1,1,141,2620,189.95,13,14,1.0,1.0,1.0,1.0
142,5,4,0,2,1,1,1,142,2680,189.95,14,15,0.13043478260869565,0.0,0.0,0.0
143,5,5,0,2,1,1,1,143,2740,189.95,14,15,0.2608695652173913,0.0,0.0,0.0
144,5,0,0,3,0,0,0,144,560,29.97,6,7,0.42857142857142855,0.0,1.0,1.0
145,5,1,0,3,0,0,0,145,620,29.97,6,7,0.8571428571428571,1.0,1.0,1.0
146,5,2,0,3,0,0,0,146,680,29.97,7,8,0.23529411764705882,0.0,1.0,1.0
147,5,3,0,3,0,0,0,147,740,29.97,7,8,0.5882352941176471,1.0,1.0,1.0
148,5,4,0,3,0,0,0,148,800,29.97,7,8,0.9411764705882353,1.0,1.0,1.0
149,5,5,0,3,0,0,0,149,860,29.97,8,9,0.25,0.0,1.0,1.0
150,5,0,0,3,0,0,1,150,1660,129.95999999999998,11,12,0.40625,0.0,0.0,1.0
151,5,1,0,3,0,0,1,151,1720,129.95999999999998,11,12,0.59375,1.0,1.0,1.0
152,5,2,0,3,0,0,1,152,1780,129.95999999999998,11,12,0.78125,1.0,1.0,1.0
153,5,3,0,3,0,0,1,153,1840,129.95999999999998,11,12,0.96875,1.0,1.0,1.0
154,5,4,0,3,0,0,1,154,1900,129.95999999999998,12,13,0.1388888888888889,0.0,0.0,0.0
155,5,5,0,3,0,0,1,155,1960,129.95999999999998,12,13,0.3055555555555556,0.0,0.0,1.0
156,5,0,0,3,0,1,0,156,1210,79.96000000000001,9,10,0.8333333333333334,1.0,1.0,1.0
157,5,1,0,3,0,1,0,157,1270,79.96000000000001,10,11,0.07142857142857142,0.0,0.0,1.0
158,5,2,0,3,0,1,0,158,1330,79.96000000000001,10,11,0.2857142857142857,0.0,0.0,1.0
159,5,3,0,3,0,1,0,159,1390,79.96000000000001,10,11,0.5,1.0,1.0,1.0
160,5,4,0,3,0,1,0,160,1450,79.96000000000001,10,11,0.7142857142857143,1.0,1.0,1.0
161,5,5,0,3,0,1,0,161,1510,79.96000000000001,10,11,0.9285714285714286,1.0,1.0,1.0
162,5,0,0,3,0,1,1,162,2310,179.95,13,14,0.24390243902439024,0.0,0.0,0.0
163,5,1,0,3,0,1,1,163,2370,179.95,13,14,0.3902439024390244,0.0,0.0,1.0
164,5,2,0,3,0,1,1,164,2430,179.95,13,14,0.5365853658536586,1.0,0.0,1.0
165,5,3,0,3,0,1,1,165,2490,179.95,13,14,0.6829268292682927,1.0,1.0,1.0
166,5,4,0,3,0,1,1,166,2550,179.95,13,14,0.8292682926829268,1.0,1.0,1.0
167,5,5,0,3,0,1,1,167,2610,179.95,13,14,0.975609756097561,1.0,1.0,1.0
168,5,0,0,3,1,0,0,168,860,49.959999999999994,8,9,0.25,0.0,1.0,1.0
169,5,1,0,3,1,0,0,169,920,49.959999999999994,8,9,0.55,1.0,1.0,1.0
170,5,2,0,3,1,0,0,170,980,49.959999999999994,8,9,0.85,1.0,1.0,1.0
171,5,3,0,3,1,0,0,171,1040,49.959999999999994,9,10,0.125,0.0,0.0,1.0
172,5,4,0,3,1,0,0,172,1100,49.959999999999994,9,10,0.375,0.0,1.0,1.0
173,5,5,0,3,1,0,0,173,1160,49.959999999999994,9,10,0.625,1.0,1.0,1.0
174,5,0,0,3,1,0,1,174,1960,149.95,12,13,0.3055555555555556,0.0,0.0,1.0
175,5,1,0,3,1,0,1,175,2020,149.95,12,13,0.4722222222222222,0.0,0.0,1.0
176,5,2,0,3,1,0,1,176,2080,149.95,12,13,0.6388888888888888,1.0,1.0,1.0
177,5,3,0,3,1,0,1,177,2140,149.95,12,13,0.8055555555555556,1.0,1.0,1.0
178,5,4,0,3,1,0,1,178,2200,149.95,12,13,0.9722222222222222,1.0,1.0,1.0
179,5,5,0,3,1,0,1,179,2260,149.95,13,14,0.12195121951219512,0.0,0.0,0.0
180,5,0,0,3,1,1,0,180,1510,99.94999999999999,10,11,0.9285714285714286,1.0,1.0,1.0
181,5,1,0,3,1,1,0,181,1570,99.94999999999999,11,12,0.125,0.0,0.0,1.0
182,5,2,0,3,1,1,0,182,1630,99.94999999999999,11,12,0.3125,0.0,0.0,1.0
183,5,3,0,3,1,1,0,183,1690,99.94999999999999,11,12,0.5,1.0,1.0,1.0
184,5,4,0,3,1,1,0,184,1750,99.94999999999999,11,12,0.6875,1.0,1.0,1.0
185,5,5,0,3,1,1,0,185,1810,99.94999999999999,11,12,0.875,1.0,1.0,1.0
186,5,0,0,3,1,1,1,186,2610,199.94,13,14,0.975609756097561,1.0,1.0,1.0
187,5,1,0,3,1,1,1,187,2670,199.94,14,15,0.10869565217391304,0.0,0.0,0.0
188,5,2,0,3,1,1,1,188,2730,199.94,14,15,0.2391304347826087,0.0,0.0,0.0
189,5,3,0,3,1,1,1,189,2790,199.94,14,15,0.3695652173913043,0.0,0.0,1.0
190,5,4,0,3,1,1,1,190,2850,199.94,14,15,0.5,1.0,0.0,1.0
191,5,5,0,3,1,1,1,191,2910,199.94,14,15,0.6304347826086957,1.0,0.0,1.0
192,5,0,0,4,0,0,0,192,730,39.96,7,8,0.5294117647058824,1.0,1.0,1.0
193,5,1,0,4,0,0,0,193,790,39.96,7,8,0.8823529411764706,1.0,1.0,1.0
194,5,2,0,4,0,0,0,194,850,39.96,8,9,0.2,0.0,1.0,1.0
195,5,3,0,4,0,0,0,195,910,39.96,8,9,0.5,1.0,1.0,1.0
196,5,4,0,4,0,0,0,196,970,39.96,8,9,0.8,1.0,1.0,1.0
197,5,5,0,4,0,0,0,197,1030,39.96,9,10,0.08333333333333333,0.0,0.0,1.0
198,5,0,0,4,0,0,1,198,1830,139.95,11,12,0.9375,1.0,1.0,1.0
199,5,1,0,4,0,0,1,199,1890,139.95,12,13,0.1111111111111111,0.0,0.0,0.0
200,5,2,0,4,0,0,1,200,1950,139.95,12,13,0.2777777777777778,0.0,0.0,1.0
201,5,3,0,4,0,0,1,201,2010,139.95,12,13,0.4444444444444444,0.0,0.0,1.0
202,5,4,0,4,0,0,1,202,2070,139.95,12,13,0.6111111111111112,1.0,1.0,1.0
203,5,5,0,4,0,0,1,203,2130,139.95,12,13,0.7777777777777778,1.0,1.0,1.0
204,5,0,0,4,0,1,0,204,1380,89.95,10,11,0.4642857142857143,0.0,1.0,1.0
205,5,1,0,4,0,1,0,205,1440,89.95,10,11,0.6785714285714286,1.0,1.0,1.0
206,5,2,0,4,0,1,0,206,1500,89.95,10,11,0.8928571428571429,1.0,1.0,1.0
207,5,3,0,4,0,1,0,207,1560,89.95,11,12,0.09375,0.0,0.0,1.0
208,5,4,0,4,0,1,0,208,1620,89.95,11,12,0.28125,0.0,0.0,1.0
209,5,5,0,4,0,1,0,209,1680,89.95,11,12,0.46875,0.0,0.0,1.0
210,5,0,0,4,0,1,1,210,2480,189.94,13,14,0.6585365853658537,1.0,1.0,1.0
211,5,1,0,4,0,1,1,211,2540,189.94,13,14,0.8048780487804879,1.0,1.0,1.0
212,5,2,0,4,0,1,1,212,2600,189.94,13,14,0.9512195121951219,1.0,1.0,1.0
213,5,3,0,4,0,1,1,213,2660,189.94,14,15,0.08695652173913043,0.0,0.0,0.0
214,5,4,0,4,0,1,1,214,2720,189.94,14,15,0.21739130434782608,0.0,0.0,0.0
215,5,5,0,4,0,1,1,215,2780,189.94,14,15,0.34782608695652173,0.0,0.0,0.0
216,5,0,0,4,1,0,0,216,1030,59.95,9,10,0.08333333333333333,0.0,0.0,1.0
217,5,1,0,4,1,0,0,217,1090,59.95,9,10,0.3333333333333333,0.0,1.0,1.0
218,5,2,0,4,1,0,0,218,1150,59.95,9,10,0.5833333333333334,1.0,1.0,1.0
219,5,3,0,4,1,0,0,219,1210,59.95,9,10,0.8333333333333334,1.0,1.0,1.0
220,5,4,0,4,1,0,0,220,1270,59.95,10,11,0.07142857142857142,0.0,0.0,1.0
221,5,5,0,4,1,0,0,221,1330,59.95,10,11,0.2857142857142857,0.0,0.0,1.0
222,5,0,0,4,1,0,1,222,2130,159.94,12,13,0.7777777777777778,1.0,1.0,1.0
223,5,1,0,4,1,0,1,223,2190,159.94,12,13,0.9444444444444444,1.0,1.0,1.0
224,5,2,0,4,1,0,1,224,2250,159.94,13,14,0.0975609756097561,0.0,0.0,0.0
225,5,3,0,4,1,0,1,225,2310,159.94,13,14,0.24390243902439024,0.0,0.0,0.0
226,5,4,0,4,1,0,1,226,2370,159.94,13,14,0.3902439024390244,0.0,0.0,1.0
227,5,5,0,4,1,0,1,227,2430,159.94,13,14,0.5365853658536586,1.0,0.0,1.0
228,5,0,0,4,1,1,0,228,1680,109.94,11,12,0.46875,0.0,0.0,1.0
229,5,1,0,4,1,1,0,229,1740,109.94,11,12,0.65625,1.0,1.0,1.0
230,5,2,0,4,1,1,0,230,1800,109.94,11,12,0.84375,1.0,1.0,1.0
231,5,3,0,4,1,1,0,231,1860,109.94,12,13,0.027777777777777776,0.0,0.0,0.0
232,5,4,0,4,1,1,0,232,1920,109.94,12,13,0.19444444444444445,0.0,0.0,1.0
233,5,5,0,4,1,1,0,233,1980,109.94,12,13,0.3611111111111111,0.0,0.0,1.0
234,5,0,0,4,1,1,1,234,2780,209.93,14,15,0.34782608695652173,0.0,0.0,0.0
235,5,1,0,4,1,1,1,235,2840,209.93,14,15,0.4782608695652174,0.0,0.0,1.0
236,5,2,0,4,1,1,1,236,2900,209.93,14,15,0.6086956521739131,1.0,0.0,1.0
237,5,3,0,4,1,1,1,237,2960,209.93,14,15,0.7391304347826086,1.0,1.0,1.0
238,5,4,0,4,1,1,1,238,3020,209.93,14,15,0.8695652173913043,1.0,1.0,1.0
239,5,5,0,4,1,1,1,239,3080,209.93,14,15,1.0,1.0,1.0,1.0
240,5,0,1,0,0,0,0,240,150,4.99,2,3,0.2857142857142857,0.0,1.0,1.0
241,5,1,1,0,0,0,0,241,210,4.99,3,4,0.125,0.0,1.0,1.0
242,5,2,1,0,0,0,0,242,270,4.99,3,4,0.875,1.0,1.0,1.0
243,5,3,1,0,0,0,0,243,330,4.99,4,5,0.5,1.0,1.0,1.0
244,5,4,1,0,0,0,0,244,390,4.99,5,6,0.08333333333333333,0.0,1.0,1.0
245,5,5,1,0,0,0,0,245,450,4.99,5,6,0.5833333333333334,1.0,1.0,1.0
246,5,0,1,0,0,0,1,246,1250,104.97999999999999,9,10,1.0,1.0,1.0,1.0
247,5,1,1,0,0,0,1,247,1310,104.97999999999999,10,11,0.21428571428571427,0.0,0.0,1.0
248,5,2,1,0,0,0,1,248,1370,104.97999999999999,10,11,0.42857142857142855,0.0,1.0,1.0
249,5,3,1,0,0,0,1,249,1430,104.97999999999999,10,11,0.6428571428571429,1.0,1.0,1.0
250,5,4,1,0,0,0,1,250,1490,104.97999999999999,10,11,0.8571428571428571,1.0,1.0,1.0
251,5,5,1,0,0,0,1,251,1550,104.97999999999999,11,12,0.0625,0.0,0.0,0.0
252,5,0,1,0,0,1,0,252,800,54.980000000000004,7,8,0.9411764705882353,1.0,1.0,1.0
253,5,1,1,0,0,1,0,253,860,54.980000000000004,8,9,0.25,0.0,1.0,1.0
254,5,2,1,0,0,1,0,254,920,54.980000000000004,8,9,0.55,1.0,1.0,1.0
255,5,3,1,0,0,1,0,255,980,54.980000000000004,8,9,0.85,1.0,1.0,1.0
256,5,4,1,0,0,1,0,256,1040,54.980000000000004,9,10,0.125,0.0,0.0,1.0
257,5,5,1,0,0,1,0,257,1100,54.980000000000004,9,10,0.375,0.0,1.0,1.0
258,5,0,1,0,0,1,1,258,1900,154.97,12,13,0.1388888888888889,0.0,0.0,0.0
259,5,1,1,0,0,1,1,259,1960,154.97,12,13,0.3055555555555556,0.0,0.0,1.0
260,5,2,1,0,0,1,1,260,2020,154.97,12,13,0.4722222222222222,0.0,0.0,1.0
261,5,3,1,0,0,1,1,261,2080,154.97,12,13,0.6388888888888888,1.0,1.0,1.0
262,5,4,1,0,0,1,1,262,2140,154.97,12,13,0.8055555555555556,1.0,1.0,1.0
263,5,5,1,0,0,1,1,263,2200,154.97,12,13,0.9722222222222222,1.0,1.0,1.0
264,5,0,1,0,1,0,0,264,450,24.979999999999997,5,6,0.5833333333333334,1.0,1.0,1.0
265,5,1,1,0,1,0,0,265,510,24.979999999999997,6,7,0.07142857142857142,0.0,1.0,1.0
266,5,2,1,0,1,0,0,266,570,24.979999999999997,6,7,0.5,1.0,1.0,1.0
267,5,3,1,0,1,0,0,267,630,24.979999999999997,6,7,0.9285714285714286,1.0,1.0,1.0
268,5,4,1,0,1,0,0,268,690,24.979999999999997,7,8,0.29411764705882354,0.0,1.0,1.0
269,5,5,1,0,1,0,0,269,750,24.979999999999997,7,8,0.6470588235294118,1.0,1.0,1.0
270,5,0,1,0,1,0,1,270,1550,124.97,11,12,0.0625,0.0,0.0,0.0
271,5,1,1,0,1,0,1,271,1610,124.97,11,12,0.25,0.0,0.0,1.0
272,5,2,1,0,1,0,1,272,1670,124.97,11,12,0.4375,0.0,0.0,1.0
273,5,3,1,0,1,0,1,273,1730,124.97,11,12,0.625,1.0,1.0,1.0
274,5,4,1,0,1,0,1,274,1790,124.97,11,12,0.8125,1.0,1.0,1.0
275,5,5,1,0,1,0,1,275,1850,124.97,11,12,1.0,1.0,1.0,1.0
276,5,0,1,0,1,1,0,276,1100,74.97,9,10,0.375,0.0,1.0,1.0
277,5,1,1,0,1,1,0,277,1160,74.97,9,10,0.625,1.0,1.0,1.0
278,5,2,1,0,1,1,0,278,1220,74.97,9,10,0.875,1.0,1.0,1.0
279,5,3,1,0,1,1,0,279,1280,74.97,10,11,0.10714285714285714,0.0,0.0,1.0
280,5,4,1,0,1,1,0,280,1340,74.97,10,11,0.32142857142857145,0.0,0.0,1.0
281,5,5,1,0,1,1,0,281,1400,74.97,10,11,0.5357142857142857,1.0,1.0,1.0
282,5,0,1,0,1,1,1,282,2200,174.95999999999998,12,13,0.9722222222222222,1.0,1.0,1.0
283,5,1,1,0,1,1,1,283,2260,174.95999999999998,13,14,0.12195121951219512,0.0,0.0,0.0
284,5,2,1,0,1,1,1,284,2320,174.95999999999998,13,14,0.2682926829268293,0.0,0.0,0.0
285,5,3,1,0,1,1,1,285,2380,174.95999999999998,13,14,0.4146341463414634,0.0,0.0,1.0
286,5,4,1,0,1,1,1,286,2440,174.95999999999998,13,14,0.5609756097560976,1.0,0.0,1.0
287,5,5,1,0,1,1,1,287,2500,174.95999999999998,13,14,0.7073170731707317,1.0,1.0,1.0
288,5,0,1,1,0,0,0,288,320,14.98,4,5,0.4,0.0,1.0,1.0
289,5,1,1,1,0,0,0,289,380,14.98,4,5,1.0,1.0,1.0,1.0
290,5,2,1,1,0,0,0,290,440,14.98,5,6,0.5,1.0,1.0,1.0
291,5,3,1,1,0,0,0,291,500,14.98,5,6,1.0,1.0,1.0,1.0
292,5,4,1,1,0,0,0,292,560,14.98,6,7,0.42857142857142855,0.0,1.0,1.0
293,5,5,1,1,0,0,0,293,620,14.98,6,7,0.8571428571428571,1.0,1.0,1.0
294,5,0,1,1,0,0,1,294,1420,114.97,10,11,0.6071428571428571,1.0,1.0,1.0
295,5,1,1,1,0,0,1,295,1480,114.97,10,11,0.8214285714285714,1.0,1.0,1.0
296,5,2,1,1,0,0,1,296,1540,114.97,11,12,0.03125,0.0,0.0,0.0
297,5,3,1,1,0,0,1,297,1600,114.97,11,12,0.21875,0.0,0.0,1.0
298,5,4,1,1,0,0,1,298,1660,114.97,11,12,0.40625,0.0,0.0,1.0
299,5,5,1,1,0,0,1,299,1720,114.97,11,12,0.59375,1.0,1.0,1.0
300,5,0,1,1,0,1,0,300,970,64.97,8,9,0.8,1.0,1.0,1.0
301,5,1,1,1,0,1,0,301,1030,64.97,9,10,0.08333333333333333,0.0,0.0,1.0
302,5,2,1,1,0,1,0,302,1090,64.97,9,10,0.3333333333333333,0.0,1.0,1.0
303,5,3,1,1,0,1,0,303,1150,64.97,9,10,0.5833333333333334,1.0,1.0,1.0
304,5,4,1,1,0,1,0,304,1210,64.97,9,10,0.8333333333333334,1.0,1.0,1.0
305,5,5,1,1,0,1,0,305,1270,64.97,10,11,0.07142857142857142,0.0,0.0,1.0
306,5,0,1,1,0,1,1,306,2070,164.95999999999998,12,13,0.6111111111111112,1.0,1.0,1.0
307,5,1,1,1,0,1,1,307,2130,164.95999999999998,12,13,0.7777777777777778,1.0,1.0,1.0
308,5,2,1,1,0,1,1,308,2190,164.95999999999998,12,13,0.9444444444444444,1.0,1.0,1.0
309,5,3,1,1,0,1,1,309,2250,164.95999999999998,13,14,0.0975609756097561,0.0,0.0,0.0
310,5,4,1,1,0,1,1,310,2310,164.95999999999998,13,14,0.24390243902439024,0.0,0.0,0.0
311,5,5,1,1,0,1,1,311,2370,164.95999999999998,13,14,0.3902439024390244,0.0,0.0,1.0
312,5,0,1,1,1,0,0,312,620,34.97,6,7,0.8571428571428571,1.0,1.0,1.0
313,5,1,1,1,1,0,0,313,680,34.97,7,8,0.23529411764705882,0.0,1.0,1.0
314,5,2,1,1,1,0,0,314,740,34.97,7,8,0.5882352941176471,1.0,1.0,1.0
315,5,3,1,1,1,0,0,315,800,34.97,7,8,0.9411764705882353,1.0,1.0,1.0
316,5,4,1,1,1,0,0,316,860,34.97,8,9,0.25,0.0,1.0,1.0
317,5,5,1,1,1,0,0,317,920,34.97,8,9,0.55,1.0,1.0,1.0
318,5,0,1,1,1,0,1,318,1720,134.95999999999998,11,12,0.59375,1.0,1.0,1.0
319,5,1,1,1,1,0,1,319,1780,134.95999999999998,11,12,0.78125,1.0,1.0,1.0
320,5,2,1,1,1,0,1,320,1840,134.95999999999998,11,12,0.96875,1.0,1.0,1.0
321,5,3,1,1,1,0,1,321,1900,134.95999999999998,12,13,0.1388888888888889,0.0,0.0,0.0
322,5,4,1,1,1,0,1,322,1960,134.95999999999998,12,13,0.3055555555555556,0.0,0.0,1.0
323,5,5,1,1,1,0,1,323,2020,134.95999999999998,12,13,0.4722222222222222,0.0,0.0,1.0
324,5,0,1,1,1,1,0,324,1270,84.96000000000001,10,11,0.07142857142857142,0.0,0.0,1.0
325,5,1,1,1,1,1,0,325,1330,84.96000000000001,10,11,0.2857142857142857,0.0,0.0,1.0
326,5,2,1,1,1,1,0,326,1390,84.96000000000001,10,11,0.5,1.0,1.0,1.0
327,5,3,1,1,1,1,0,327,1450,84.96000000000001,10,11,0.7142857142857143,1.0,1.0,1.0
328,5,4,1,1,1,1,0,328,1510,84.96000000000001,10,11,0.9285714285714286,1.0,1.0,1.0
329,5,5,1,1,1,1,0,329,1570,84.96000000000001,11,12,0.125,0.0,0.0,1.0
330,5,0,1,1,1,1,1,330,2370,184.95,13,14,0.3902439024390244,0.0,0.0,1.0
331,5,1,1,1,1,1,1,331,2430,184.95,13,14,0.5365853658536586,1.0,0.0,1.0
332,5,2,1,1,1,1,1,332,2490,184.95,13,14,0.6829268292682927,1.0,1.0,1.0
333,5,3,1,1,1,1,1,333,2550,184.95,13,14,0.8292682926829268,1.0,1.0,1.0
334,5,4,1,1,1,1,1,334,2610,184.95,13,14,0.975609756097561,1.0,1.0,1.0
335,5,5,1,1,1,1,1,335,2670,184.95,14,15,0.10869565217391304,0.0,0.0,0.0
336,5,0,1,2,0,0,0,336,490,24.97,5,6,0.9166666666666666,1.0,1.0,1.0
337,5,1,1,2,0,0,0,337,550,24.97,6,7,0.35714285714285715,0.0,1.0,1.0
338,5,2,1,2,0,0,0,338,610,24.97,6,7,0.7857142857142857,1.0,1.0,1.0
339,5,3,1,2,0,0,0,339,670,24.97,7,8,0.17647058823529413,0.0,1.0,1.0
340,5,4,1,2,0,0,0,340,730,24.97,7,8,0.5294117647058824,1.0,1.0,1.0
341,5,5,1,2,0,0,0,341,790,24.97,7,8,0.8823529411764706,1.0,1.0,1.0
342,5,0,1,2,0,0,1,342,1590,124.96,11,12,0.1875,0.0,0.0,1.0
343,5,1,1,2,0,0,1,343,1650,124.96,11,12,0.375,0.0,0.0,1.0
344,5,2,1,2,0,0,1,344,1710,124.96,11,12,0.5625,1.0,1.0,1.0
345,5,3,1,2,0,0,1,345,1770,124.96,11,12,0.75,1.0,1.0,1.0
346,5,4,1,2,0,0,1,346,1830,124.96,11,12,0.9375,1.0,1.0,1.0
347,5,5,1,2,0,0,1,347,1890,124.96,12,13,0.1111111111111111,0.0,0.0,0.0
348,5,0,1,2,0,1,0,348,1140,74.96000000000001,9,10,0.5416666666666666,1.0,1.0,1.0
349,5,1,1,2,0,1,0,349,1200,74.96000000000001,9,10,0.7916666666666666,1.0,1.0,1.0
350,5,2,1,2,0,1,0,350,1260,74.96000000000001,10,11,0.03571428571428571,0.0,0.0,1.0
351,5,3,1,2,0,1,0,351,1320,74.96000000000001,10,11,0.25,0.0,0.0,1.0
352,5,4,1,2,0,1,0,352,1380,74.96000000000001,10,11,0.4642857142857143,0.0,1.0,1.0
353,5,5,1,2,0,1,0,353,1440,74.96000000000001,10,11,0.6785714285714286,1.0,1.0,1.0
354,5,0,1,2,0,1,1,354,2240,174.95,13,14,0.07317073170731707,0.0,0.0,0.0
355,5,1,1,2,0,1,1,355,2300,174.95,13,14,0.21951219512195122,0.0,0.0,0.0
356,5,2,1,2,0,1,1,356,2360,174.95,13,14,0.36585365853658536,0.0,0.0,1.0
357,5,3,1,2,0,1,1,357,2420,174.95,13,14,0.5121951219512195,1.0,0.0,1.0
358,5,4,1,2,0,1,1,358,2480,174.95,13,14,0.6585365853658537,1.0,1.0,1.0
359,5,5,1,2,0,1,1,359,2540,174.95,13,14,0.8048780487804879,1.0,1.0,1.0
360,5,0,1,2,1,0,0,360,790,44.959999999999994,7,8,0.8823529411764706,1.0,1.0,1.0
361,5,1,1,2,1,0,0,361,850,44.959999999999994,8,9,0.2,0.0,1.0,1.0
362,5,2,1,2,1,0,0,362,910,44.959999999999994,8,9,0.5,1.0,1.0,1.0
363,5,3,1,2,1,0,0,363,970,44.959999999999994,8,9,0.8,1.0,1.0,1.0
364,5,4,1,2,1,0,0,364,1030,44.959999999999994,9,10,0.08333333333333333,0.0,0.0,1.0
365,5,5,1,2,1,0,0,365,1090,44.959999999999994,9,10,0.3333333333333333,0.0,1.0,1.0
366,5,0,1,2,1,0,1,366,1890,144.95,12,13,0.1111111111111111,0.0,0.0,0.0
367,5,1,1,2,1,0,1,367,1950,144.95,12,13,0.2777777777777778,0.0,0.0,1.0
368,5,2,1,2,1,0,1,368,2010,144.95,12,13,0.4444444444444444,0.0,0.0,1.0
369,5,3,1,2,1,0,1,369,2070,144.95,12,13,0.6111111111111112,1.0,1.0,1.0
370,5,4,1,2,1,0,1,370,2130,144.95,12,13,0.7777777777777778,1.0,1.0,1.0
371,5,5,1,2,1,0,1,371,2190,144.95,12,13,0.9444444444444444,1.0,1.0,1.0
372,5,0,1,2,1,1,0,372,1440,94.94999999999999,10,11,0.6785714285714286,1.0,1.0,1.0
373,5,1,1,2,1,1,0,373,1500,94.94999999999999,10,11,0.8928571428571429,1.0,1.0,1.0
374,5,2,1,2,1,1,0,374,1560,94.94999999999999,11,12,0.09375,0.0,0.0,1.0
375,5,3,1,2,1,1,0,375,1620,94.94999999999999,11,12,0.28125,0.0,0.0,1.0
376,5,4,1,2,1,1,0,376,1680,94.94999999999999,11,12,0.46875,0.0,0.0,1.0
377,5,5,1,2,1,1,0,377,1740,94.94999999999999,11,12,0.65625,1.0,1.0,1.0
378,5,0,1,2,1,1,1,378,2540,194.94,13,14,0.8048780487804879,1.0,1.0,1.0
379,5,1,1,2,1,1,1,379,2600,194.94,13,14,0.9512195121951219,1.0,1.0,1.0
380,5,2,1,2,1,1,1,380,2660,194.94,14,15,0.08695652173913043,0.0,0.0,0.0
381,5,3,1,2,1,1,1,381,2720,194.94,14,15,0.21739130434782608,0.0,0.0,0.0
382,5,4,1,2,1,1,1,382,2780,194.94,14,15,0.34782608695652173,0.0,0.0,0.0
383,5,5,1,2,1,1,1,383,2840,194.94,14,15,0.4782608695652174,0.0,0.0,1.0
384,5,0,1,3,0,0,0,384,660,34.96,7,8,0.11764705882352941,0.0,1.0,1.0
385,5,1,1,3,0,0,0,385,720,34.96,7,8,0.47058823529411764,0.0,1.0,1.0
386,5,2,1,3,0,0,0,386,780,34.96,7,8,0.8235294117647058,1.0,1.0,1.0
387,5,3,1,3,0,0,0,387,840,34.96,8,9,0.15,0.0,0.0,1.0
388,5,4,1,3,0,0,0,388,900,34.96,8,9,0.45,0.0,1.0,1.0
389,5,5,1,3,0,0,0,389,960,34.96,8,9,0.75,1.0,1.0,1.0
390,5,0,1,3,0,0,1,390,1760,134.95,11,12,0.71875,1.0,1.0,1.0
391,5,1,1,3,0,0,1,391,1820,134.95,11,12,0.90625,1.0,1.0,1.0
392,5,2,1,3,0,0,1,392,1880,134.95,12,13,0.08333333333333333,0.0,0.0,0.0
393,5,3,1,3,0,0,1,393,1940,134.95,12,13,0.25,0.0,0.0,1.0
394,5,4,1,3,0,0,1,394,2000,134.95,12,13,0.4166666666666667,0.0,0.0,1.0
395,5,5,1,3,0,0,1,395,2060,134.95,12,13,0.5833333333333334,1.0,1.0,1.0
396,5,0,1,3,0,1,0,396,1310,84.95,10,11,0.21428571428571427,0.0,0.0,1.0
397,5,1,1,3,0,1,0,397,1370,84.95,10,11,0.42857142857142855,0.0,1.0,1.0
398,5,2,1,3,0,1,0,398,1430,84.95,10,11,0.6428571428571429,1.0,1.0,1.0
399,5,3,1,3,0,1,0,399,1490,84.95,10,11,0.8571428571428571,1.0,1.0,1.0
400,5,4,1,3,0,1,0,400,1550,84.95,11,12,0.0625,0.0,0.0,0.0
401,5,5,1,3,0,1,0,401,1610,84.95,11,12,0.25,0.0,0.0,1.0
402,5,0,1,3,0,1,1,402,2410,184.94,13,14,0.4878048780487805,0.0,0.0,1.0
403,5,1,1,3,0,1,1,403,2470,184.94,13,14,0.6341463414634146,1.0,1.0,1.0
404,5,2,1,3,0,1,1,404,2530,184.94,13,14,0.7804878048780488,1.0,1.0,1.0
405,5,3,1,3,0,1,1,405,2590,184.94,13,14,0.926829268292683,1.0,1.0,1.0
406,5,4,1,3,0,1,1,406,2650,184.94,14,15,0.06521739130434782,0.0,0.0,0.0
407,5,5,1,3,0,1,1,407,2710,184.94,14,15,0.1956521739130435,0.0,0.0,0.0
408,5,0,1,3,1,0,0,408,960,54.95,8,9,0.75,1.0,1.0,1.0
409,5,1,1,3,1,0,0,409,1020,54.95,9,10,0.041666666666666664,0.0,0.0,1.0
410,5,2,1,3,1,0,0,410,1080,54.95,9,10,0.2916666666666667,0.0,0.0,1.0
411,5,3,1,3,1,0,0,411,1140,54.95,9,10,0.5416666666666666,1.0,1.0,1.0
412,5,4,1,3,1,0,0,412,1200,54.95,9,10,0.7916666666666666,1.0,1.0,1.0
413,5,5,1,3,1,0,0,413,1260,54.95,10,11,0.03571428571428571,0.0,0.0,1.0
414,5,0,1,3,1,0,1,414,2060,154.94,12,13,0.5833333333333334,1.0,1.0,1.0
415,5,1,1,3,1,0,1,415,2120,154.94,12,13,0.75,1.0,1.0,1.0
416,5,2,1,3,1,0,1,416,2180,154.94,12,13,0.9166666666666666,1.0,1.0,1.0
417,5,3,1,3,1,0,1,417,2240,154.94,13,14,0.07317073170731707,0.0,0.0,0.0
418,5,4,1,3,1,0,1,418,2300,154.94,13,14,0.21951219512195122,0.0,0.0,0.0
419,5,5,1,3,1,0,1,419,2360,154.94,13,14,0.36585365853658536,0.0,0.0,1.0
420,5,0,1,3,1,1,0,420,1610,104.94,11,12,0.25,0.0,0.0,1.0
421,5,1,1,3,1,1,0,421,1670,104.94,11,12,0.4375,0.0,0.0,1.0
422,5,2,1,3,1,1,0,422,1730,104.94,11,12,0.625,1.0,1.0,1.0
423,5,3,1,3,1,1,0,423,1790,104.94,11,12,0.8125,1.0,1.0,1.0
424,5,4,1,3,1,1,0,424,1850,104.94,11,12,1.0,1.0,1.0,1.0
425,5,5,1,3,1,1,0,425,1910,104.94,12,13,0.16666666666666666,0.0,0.0,0.0
426,5,0,1,3,1,1,1,426,2710,204.93,14,15,0.1956521739130435,0.0,0.0,0.0
427,5,1,1,3,1,1,1,427,2770,204.93,14,15,0.32608695652173914,0.0,0.0,0.0
428,5,2,1,3,1,1,1,428,2830,204.93,14,15,0.45652173913043476,0.0,0.0,1.0
429,5,3,1,3,1,1,1,429,2890,204.93,14,15,0.5869565217391305,1.0,0.0,1.0
430,5,4,1,3,1,1,1,430,2950,204.93,14,15,0.717391304347826,1.0,1.0,1.0
431,5,5,1,3,1,1,1,431,3010,204.93,14,15,0.8478260869565217,1.0,1.0,1.0
432,5,0,1,4,0,0,0,432,830,44.95,8,9,0.1,0.0,0.0,1.0
433,5,1,1,4,0,0,0,433,890,44.95,8,9,0.4,0.0,1.0,1.0
434,5,2,1,4,0,0,0,434,950,44.95,8,9,0.7,1.0,1.0,1.0
435,5,3,1,4,0,0,0,435,1010,44.95,8,9,1.0,1.0,1.0,1.0
436,5,4,1,4,0,0,0,436,1070,44.95,9,10,0.25,0.0,0.0,1.0
437,5,5,1,4,0,0,0,437,1130,44.95,9,10,0.5,1.0,1.0,1.0
438,5,0,1,4,0,0,1,438,1930,144.94,12,13,0.2222222222222222,0.0,0.0,1.0
439,5,1,1,4,0,0,1,439,1990,144.94,12,13,0.3888888888888889,0.0,0.0,1.0
440,5,2,1,4,0,0,1,440,2050,144.94,12,13,0.5555555555555556,1.0,1.0,1.0
441,5,3,1,4,0,0,1,441,2110,144.94,12,13,0.7222222222222222,1.0,1.0,1.0
442,5,4,1,4,0,0,1,442,2170,144.94,12,13,0.8888888888888888,1.0,1.0,1.0
443,5,5,1,4,0,0,1,443,2230,144.94,13,14,0.04878048780487805,0.0,0.0,0.0
444,5,0,1,4,0,1,0,444,1480,94.94,10,11,0.8214285714285714,1.0,1.0,1.0
445,5,1,1,4,0,1,0,445,1540,94.94,11,12,0.03125,0.0,0.0,0.0
446,5,2,1,4,0,1,0,446,1600,94.94,11,12,0.21875,0.0,0.0,1.0
447,5,3,1,4,0,1,0,447,1660,94.94,11,12,0.40625,0.0,0.0,1.0
448,5,4,1,4,0,1,0,448,1720,94.94,11,12,0.59375,1.0,1.0,1.0
449,5,5,1,4,0,1,0,449,1780,94.94,11,12,0.78125,1.0,1.0,1.0
450,5,0,1,4,0,1,1,450,2580,194.93,13,14,0.9024390243902439,1.0,1.0,1.0
451,5,1,1,4,0,1,1,451,2640,194.93,14,15,0.043478260869565216,0.0,0.0,0.0
452,5,2,1,4,0,1,1,452,2700,194.93,14,15,0.17391304347826086,0.0,0.0,0.0
453,5,3,1,4,0,1,1,453,2760,194.93,14,15,0.30434782608695654,0.0,0.0,0.0
454,5,4,1,4,0,1,1,454,2820,194.93,14,15,0.43478260869565216,0.0,0.0,1.0
455,5,5,1,4,0,1,1,455,2880,194.93,14,15,0.5652173913043478,1.0,0.0,1.0
456,5,0,1,4,1,0,0,456,1130,64.94,9,10,0.5,1.0,1.0,1.0
457,5,1,1,4,1,0,0,457,1190,64.94,9,10,0.75,1.0,1.0,1.0
458,5,2,1,4,1,0,0,458,1250,64.94,9,10,1.0,1.0,1.0,1.0
459,5,3,1,4,1,0,0,459,1310,64.94,10,11,0.21428571428571427,0.0,0.0,1.0
460,5,4,1,4,1,0,0,460,1370,64.94,10,11,0.42857142857142855,0.0,1.0,1.0
461,5,5,1,4,1,0,0,461,1430,64.94,10,11,0.6428571428571429,1.0,1.0,1.0
462,5,0,1,4,1,0,1,462,2230,164.93,13,14,0.04878048780487805,0.0,0.0,0.0
463,5,1,1,4,1,0,1,463,2290,164.93,13,14,0.1951219512195122,0.0,0.0,0.0
464,5,2,1,4,1,0,1,464,2350,164.93,13,14,0.34146341463414637,0.0,0.0,1.0
465,5,3,1,4,1,0,1,465,2410,164.93,13,14,0.4878048780487805,0.0,0.0,1.0
466,5,4,1,4,1,0,1,466,2470,164.93,13,14,0.6341463414634146,1.0,1.0,1.0
467,5,5,1,4,1,0,1,467,2530,164.93,13,14,0.7804878048780488,1.0,1.0,1.0
468,5,0,1,4,1,1,0,468,1780,114.93,11,12,0.78125,1.0,1.0,1.0
469,5,1,1,4,1,1,0,469,1840,114.93,11,12,0.96875,1.0,1.0,1.0
470,5,2,1,4,1,1,0,470,1900,114.93,12,13,0.1388888888888889,0.0,0.0,0.0
471,5,3,1,4,1,1,0,471,1960,114.93,12,13,0.3055555555555556,0.0,0.0,1.0
472,5,4,1,4,1,1,0,472,2020,114.93,12,13,0.4722222222222222,0.0,0.0,1.0
473,5,5,1,4,1,1,0,473,2080,114.93,12,13,0.6388888888888888,1.0,1.0,1.0
474,5,0,1,4,1,1,1,474,2880,214.92000000000002,14,15,0.5652173913043478,1.0,0.0,1.0
475,5,1,1,4,1,1,1,475,2940,214.92000000000002,14,15,0.6956521739130435,1.0,1.0,1.0
476,5,2,1,4,1,1,1,476,3000,214.92000000000002,14,15,0.8260869565217391,1.0,1.0,1.0
477,5,3,1,4,1,1,1,477,3060,214.92000000000002,14,15,0.9565217391304348,1.0,1.0,1.0
478,5,4,1,4,1,1,1,478,3120,214.92000000000002,15,16,0.07692307692307693,0.0,0.0,0.0
479,5,5,1,4,1,1,1,479,3180,214.92000000000002,15,16,0.19230769230769232,0.0,0.0,0.0
480,5,0,2,0,0,0,0,480,250,9.98,3,4,0.625,1.0,1.0,1.0
481,5,1,2,0,0,0,0,481,310,9.98,4,5,0.3,0.0,1.0,1.0
482,5,2,2,0,0,0,0,482,370,9.98,4,5,0.9,1.0,1.0,1.0
483,5,3,2,0,0,0,0,483,430,9.98,5,6,0.4166666666666667,0.0,1.0,1.0
484,5,4,2,0,0,0,0,484,490,9.98,5,6,0.9166666666666666,1.0,1.0,1.0
485,5,5,2,0,0,0,0,485,550,9.98,6,7,0.35714285714285715,0.0,1.0,1.0
486,5,0,2,0,0,0,1,486,1350,109.97,10,11,0.35714285714285715,0.0,0.0,1.0
487,5,1,2,0,0,0,1,487,1410,109.97,10,11,0.5714285714285714,1.0,1.0,1.0
488,5,2,2,0,0,0,1,488,1470,109.97,10,11,0.7857142857142857,1.0,1.0,1.0
489,5,3,2,0,0,0,1,489,1530,109.97,10,11,1.0,1.0,1.0,1.0
490,5,4,2,0,0,0,1,490,1590,109.97,11,12,0.1875,0.0,0.0,1.0
491,5,5,2,0,0,0,1,491,1650,109.97,11,12,0.375,0.0,0.0,1.0
492,5,0,2,0,0,1,0,492,900,59.97,8,9,0.45,0.0,1.0,1.0
493,5,1,2,0,0,1,0,493,960,59.97,8,9,0.75,1.0,1.0,1.0
494,5,2,2,0,0,1,0,494,1020,59.97,9,10,0.041666666666666664,0.0,0.0,1.0
495,5,3,2,0,0,1,0,495,1080,59.97,9,10,0.2916666666666667,0.0,0.0,1.0
496,5,4,2,0,0,1,0,496,1140,59.97,9,10,0.5416666666666666,1.0,1.0,1.0
497,5,5,2,0,0,1,0,497,1200,59.97,9,10,0.7916666666666666,1.0,1.0,1.0
498,5,0,2,0,0,1,1,498,2000,159.95999999999998,12,13,0.4166666666666667,0.0,0.0,1.0
499,5,1,2,0,0,1,1,499,2060,159.95999999999998,12,13,0.5833333333333334,1.0,1.0,1.0
500,5,2,2,0,0,1,1,500,2120,159.95999999999998,12,13,0.75,1.0,1.0,1.0
501,5,3,2,0,0,1,1,501,2180,159.95999999999998,12,13,0.9166666666666666,1.0,1.0,1.0
502,5,4,2,0,0,1,1,502,2240,159.95999999999998,13,14,0.07317073170731707,0.0,0.0,0.0
503,5,5,2,0,0,1,1,503,2300,159.95999999999998,13,14,0.21951219512195122,0.0,0.0,0.0
504,5,0,2,0,1,0,0,504,550,29.97,6,7,0.35714285714285715,0.0,1.0,1.0
505,5,1,2,0,1,0,0,505,610,29.97,6,7,0.7857142857142857,1.0,1.0,1.0
506,5,2,2,0,1,0,0,506,670,29.97,7,8,0.17647058823529413,0.0,1.0,1.0
507,5,3,2,0,1,0,0,507,730,29.97,7,8,0.5294117647058824,1.0,1.0,1.0
508,5,4,2,0,1,0,0,508,790,29.97,7,8,0.8823529411764706,1.0,1.0,1.0
509,5,5,2,0,1,0,0,509,850,29.97,8,9,0.2,0.0,1.0,1.0
510,5,0,2,0,1,0,1,510,1650,129.95999999999998,11,12,0.375,0.0,0.0,1.0
511,5,1,2,0,1,0,1,511,1710,129.95999999999998,11,12,0.5625,1.0,1.0,1.0
512,5,2,2,0,1,0,1,512,1770,129.95999999999998,11,12,0.75,1.0,1.0,1.0
513,5,3,2,0,1,0,1,513,1830,129.95999999999998,11,12,0.9375,1.0,1.0,1.0
514,5,4,2,0,1,0,1,514,1890,129.95999999999998,12,13,0.1111111111111111,0.0,0.0,0.0
515,5,5,2,0,1,0,1,515,1950,129.95999999999998,12,13,0.2777777777777778,0.0,0.0,1.0
516,5,0,2,0,1,1,0,516,1200,79.96000000000001,9,10,0.7916666666666666,1.0,1.0,1.0
517,5,1,2,0,1,1,0,517,1260,79.96000000000001,10,11,0.03571428571428571,0.0,0.0,1.0
518,5,2,2,0,1,1,0,518,1320,79.96000000000001,10,11,0.25,0.0,0.0,1.0
519,5,3,2,0,1,1,0,519,1380,79.96000000000001,10,11,0.4642857142857143,0.0,1.0,1.0
520,5,4,2,0,1,1,0,520,1440,79.96000000000001,10,11,0.6785714285714286,1.0,1.0,1.0
521,5,5,2,0,1,1,0,521,1500,79.96000000000001,10,11,0.8928571428571429,1.0,1.0,1.0
522,5,0,2,0,1,1,1,522,2300,179.95,13,14,0.21951219512195122,0.0,0.0,0.0
523,5,1,2,0,1,1,1,523,2360,179.95,13,14,0.36585365853658536,0.0,0.0,1.0
524,5,2,2,0,1,1,1,524,2420,179.95,13,14,0.5121951219512195,1.0,0.0,1.0
525,5,3,2,0,1,1,1,525,2480,179.95,13,14,0.6585365853658537,1.0,1.0,1.0
526,5,4,2,0,1,1,1,526,2540,179.95,13,14,0.8048780487804879,1.0,1.0,1.0
527,5,5,2,0,1,1,1,527,2600,179.95,13,14,0.9512195121951219,1.0,1.0,1.0
528,5,0,2,1,0,0,0,528,420,19.97,5,6,0.3333333333333333,0.0,1.0,1.0
529,5,1,2,1,0,0,0,529,480,19.97,5,6,0.8333333333333334,1.0,1.0,1.0
530,5,2,2,1,0,0,0,530,540,19.97,6,7,0.2857142857142857,0.0,1.0,1.0
531,5,3,2,1,0,0,0,531,600,19.97,6,7,0.7142857142857143,1.0,1.0,1.0
532,5,4,2,1,0,0,0,532,660,19.97,7,8,0.11764705882352941,0.0,1.0,1.0
533,5,5,2,1,0,0,0,533,720,19.97,7,8,0.47058823529411764,0.0,1.0,1.0
534,5,0,2,1,0,0,1,534,1520,119.96,10,11,0.9642857142857143,1.0,1.0,1.0
535,5,1,2,1,0,0,1,535,1580,119.96,11,12,0.15625,0.0,0.0,1.0
536,5,2,2,1,0,0,1,536,1640,119.96,11,12,0.34375,0.0,0.0,1.0
537,5,3,2,1,0,0,1,537,1700,119.96,11,12,0.53125,1.0,1.0,1.0
538,5,4,2,1,0,0,1,538,1760,119.96,11,12,0.71875,1.0,1.0,1.0
539,5,5,2,1,0,0,1,539,1820,119.96,11,12,0.90625,1.0,1.0,1.0
540,5,0,2,1,0,1,0,540,1070,69.96000000000001,9,10,0.25,0.0,0.0,1.0
541,5,1,2,1,0,1,0,541,1130,69.96000000000001,9,10,0.5,1.0,1.0,1.0
542,5,2,2,1,0,1,0,542,1190,69.96000000000001,9,10,0.75,1.0,1.0,1.0
543,5,3,2,1,0,1,0,543,1250,69.96000000000001,9,10,1.0,1.0,1.0,1.0
544,5,4,2,1,0,1,0,544,1310,69.96000000000001,10,11,0.21428571428571427,0.0,0.0,1.0
545,5,5,2,1,0,1,0,545,1370,69.96000000000001,10,11,0.42857142857142855,0.0,1.0,1.0
546,5,0,2,1,0,1,1,546,2170,169.95,12,13,0.8888888888888888,1.0,1.0,1.0
547,5,1,2,1,0,1,1,547,2230,169.95,13,14,0.04878048780487805,0.0,0.0,0.0
548,5,2,2,1,0,1,1,548,2290,169.95,13,14,0.1951219512195122,0.0,0.0,0.0
549,5,3,2,1,0,1,1,549,2350,169.95,13,14,0.34146341463414637,0.0,0.0,1.0
550,5,4,2,1,0,1,1,550,2410,169.95,13,14,0.4878048780487805,0.0,0.0,1.0
551,5,5,2,1,0,1,1,551,2470,169.95,13,14,0.6341463414634146,1.0,1.0,1.0
552,5,0,2,1,1,0,0,552,720,39.959999999999994,7,8,0.47058823529411764,0.0,1.0,1.0
553,5,1,2,1,1,0,0,553,780,39.959999999999994,7,8,0.8235294117647058,1.0,1.0,1.0
554,5,2,2,1,1,0,0,554,840,39.959999999999994,8,9,0.15,0.0,0.0,1.0
555,5,3,2,1,1,0,0,555,900,39.959999999999994,8,9,0.45,0.0,1.0,1.0
556,5,4,2,1,1,0,0,556,960,39.959999999999994,8,9,0.75,1.0,1.0,1.0
557,5,5,2,1,1,0,0,557,1020,39.959999999999994,9,10,0.041666666666666664,0.0,0.0,1.0
558,5,0,2,1,1,0,1,558,1820,139.95,11,12,0.90625,1.0,1.0,1.0
559,5,1,2,1,1,0,1,559,1880,139.95,12,13,0.08333333333333333,0.0,0.0,0.0
560,5,2,2,1,1,0,1,560,1940,139.95,12,13,0.25,0.0,0.0,1.0
561,5,3,2,1,1,0,1,561,2000,139.95,12,13,0.4166666666666667,0.0,0.0,1.0
562,5,4,2,1,1,0,1,562,2060,139.95,12,13,0.5833333333333334,1.0,1.0,1.0
563,5,5,2,1,1,0,1,563,2120,139.95,12,13,0.75,1.0,1.0,1.0
564,5,0,2,1,1,1,0,564,1370,89.94999999999999,10,11,0.42857142857142855,0.0,1.0,1.0
565,5,1,2,1,1,1,0,565,1430,89.94999999999999,10,11,0.6428571428571429,1.0,1.0,1.0
566,5,2,2,1,1,1,0,566,1490,89.94999999999999,10,11,0.8571428571428571,1.0,1.0,1.0
567,5,3,2,1,1,1,0,567,1550,89.94999999999999,11,12,0.0625,0.0,0.0,0.0
568,5,4,2,1,1,1,0,568,1610,89.94999999999999,11,12,0.25,0.0,0.0,1.0
569,5,5,2,1,1,1,0,569,1670,89.94999999999999,11,12,0.4375,0.0,0.0,1.0
570,5,0,2,1,1,1,1,570,2470,189.94,13,14,0.6341463414634146,1.0,1.0,1.0
571,5,1,2,1,1,1,1,571,2530,189.94,13,14,0.7804878048780488,1.0,1.0,1.0
572,5,2,2,1,1,1,1,572,2590,189.94,13,14,0.926829268292683,1.0,1.0,1.0
573,5,3,2,1,1,1,1,573,2650,189.94,14,15,0.06521739130434782,0.0,0.0,0.0
574,5,4,2,1,1,1,1,574,2710,189.94,14,15,0.1956521739130435,0.0,0.0,0.0
575,5,5,2,1,1,1,1,575,2770,189.94,14,15,0.32608695652173914,0.0,0.0,0.0
576,5,0,2,2,0,0,0,576,590,29.96,6,7,0.6428571428571429,1.0,1.0,1.0
577,5,1,2,2,0,0,0,577,650,29.96,7,8,0.058823529411764705,0.0,1.0,1.0
578,5,2,2,2,0,0,0,578,710,29.96,7,8,0.4117647058823529,0.0,1.0,1.0
579,5,3,2,2,0,0,0,579,770,29.96,7,8,0.7647058823529411,1.0,1.0,1.0
580,5,4,2,2,0,0,0,580,830,29.96,8,9,0.1,0.0,0.0,1.0
581,5,5,2,2,0,0,0,581,890,29.96,8,9,0.4,0.0,1.0,1.0
582,5,0,2,2,0,0,1,582,1690,129.95,11,12,0.5,1.0,1.0,1.0
583,5,1,2,2,0,0,1,583,1750,129.95,11,12,0.6875,1.0,1.0,1.0
584,5,2,2,2,0,0,1,584,1810,129.95,11,12,0.875,1.0,1.0,1.0
585,5,3,2,2,0,0,1,585,1870,129.95,12,13,0.05555555555555555,0.0,0.0,0.0
586,5,4,2,2,0,0,1,586,1930,129.95,12,13,0.2222222222222222,0.0,0.0,1.0
587,5,5,2,2,0,0,1,587,1990,129.95,12,13,0.3888888888888889,0.0,0.0,1.0
588,5,0,2,2,0,1,0,588,1240,79.95,9,10,0.9583333333333334,1.0,1.0,1.0
589,5,1,2,2,0,1,0,589,1300,79.95,10,11,0.17857142857142858,0.0,0.0,1.0
590,5,2,2,2,0,1,0,590,1360,79.95,10,11,0.39285714285714285,0.0,0.0,1.0
591,5,3,2,2,0,1,0,591,1420,79.95,10,11,0.6071428571428571,1.0,1.0,1.0
592,5,4,2,2,0,1,0,592,1480,79.95,10,11,0.8214285714285714,1.0,1.0,1.0
593,5,5,2,2,0,1,0,593,1540,79.95,11,12,0.03125,0.0,0.0,0.0
594,5,0,2,2,0,1,1,594,2340,179.94,13,14,0.3170731707317073,0.0,0.0,1.0
595,5,1,2,2,0,1,1,595,2400,179.94,13,14,0.4634146341463415,0.0,0.0,1.0
596,5,2,2,2,0,1,1,596,2460,179.94,13,14,0.6097560975609756,1.0,1.0,1.0
597,5,3,2,2,0,1,1,597,2520,179.94,13,14,0.7560975609756098,1.0,1.0,1.0
598,5,4,2,2,0,1,1,598,2580,179.94,13,14,0.9024390243902439,1.0,1.0,1.0
599,5,5,2,2,0,1,1,599,2640,179.94,14,15,0.043478260869565216,0.0,0.0,0.0
600,5,0,2,2,1,0,0,600,890,49.95,8,9,0.4,0.0,1.0,1.0
601,5,1,2,2,1,0,0,601,950,49.95,8,9,0.7,1.0,1.0,1.0
602,5,2,2,2,1,0,0,602,1010,49.95,8,9,1.0,1.0,1.0,1.0
603,5,3,2,2,1,0,0,603,1070,49.95,9,10,0.25,0.0,0.0,1.0
604,5,4,2,2,1,0,0,604,1130,49.95,9,10,0.5,1.0,1.0,1.0
605,5,5,2,2,1,0,0,605,1190,49.95,9,10,0.75,1.0,1.0,1.0
606,5,0,2,2,1,0,1,606,1990,149.94,12,13,0.3888888888888889,0.0,0.0,1.0
607,5,1,2,2,1,0,1,607,2050,149.94,12,13,0.5555555555555556,1.0,1.0,1.0
608,5,2,2,2,1,0,1,608,2110,149.94,12,13,0.7222222222222222,1.0,1.0,1.0
609,5,3,2,2,1,0,1,609,2170,149.94,12,13,0.8888888888888888,1.0,1.0,1.0
610,5,4,2,2,1,0,1,610,2230,149.94,13,14,0.04878048780487805,0.0,0.0,0.0
611,5,5,2,2,1,0,1,611,2290,149.94,13,14,0.1951219512195122,0.0,0.0,0.0
612,5,0,2,2,1,1,0,612,1540,99.94,11,12,0.03125,0.0,0.0,0.0
613,5,1,2,2,1,1,0,613,1600,99.94,11,12,0.21875,0.0,0.0,1.0
614,5,2,2,2,1,1,0,614,1660,99.94,11,12,0.40625,0.0,0.0,1.0
615,5,3,2,2,1,1,0,615,1720,99.94,11,12,0.59375,1.0,1.0,1.0
616,5,4,2,2,1,1,0,616,1780,99.94,11,12,0.78125,1.0,1.0,1.0
617,5,5,2,2,1,1,0,617,1840,99.94,11,12,0.96875,1.0,1.0,1.0
618,5,0,2,2,1,1,1,618,2640,199.93,14,15,0.043478260869565216,0.0,0.0,0.0
619,5,1,2,2,1,1,1,619,2700,199.93,14,15,0.17391304347826086,0.0,0.0,0.0
620,5,2,2,2,1,1,1,620,2760,199.93,14,15,0.30434782608695654,0.0,0.0,0.0
621,5,3,2,2,1,1,1,621,2820,199.93,14,15,0.43478260869565216,0.0,0.0,1.0
622,5,4,2,2,1,1,1,622,2880,199.93,14,15,0.5652173913043478,1.0,0.0,1.0
623,5,5,2,2,1,1,1,623,2940,199.93,14,15,0.6956521739130435,1.0,1.0,1.0
624,5,0,2,3,0,0,0,624,760,39.95,7,8,0.7058823529411765,1.0,1.0,1.0
625,5,1,2,3,0,0,0,625,820,39.95,8,9,0.05,0.0,0.0,1.0
626,5,2,2,3,0,0,0,626,880,39.95,8,9,0.35,0.0,1.0,1.0
627,5,3,2,3,0,0,0,627,940,39.95,8,9,0.65,1.0,1.0,1.0
628,5,4,2,3,0,0,0,628,1000,39.95,8,9,0.95,1.0,1.0,1.0
629,5,5,2,3,0,0,0,629,1060,39.95,9,10,0.20833333333333334,0.0,0.0,1.0
630,5,0,2,3,0,0,1,630,1860,139.94,12,13,0.027777777777777776,0.0,0.0,0.0
631,5,1,2,3,0,0,1,631,1920,139.94,12,13,0.19444444444444445,0.0,0.0,1.0
632,5,2,2,3,0,0,1,632,1980,139.94,12,13,0.3611111111111111,0.0,0.0,1.0
633,5,3,2,3,0,0,1,633,2040,139.94,12,13,0.5277777777777778,1.0,0.0,1.0
634,5,4,2,3,0,0,1,634,2100,139.94,12,13,0.6944444444444444,1.0,1.0,1.0
635,5,5,2,3,0,0,1,635,2160,139.94,12,13,0.8611111111111112,1.0,1.0,1.0
636,5,0,2,3,0,1,0,636,1410,89.94,10,11,0.5714285714285714,1.0,1.0,1.0
637,5,1,2,3,0,1,0,637,1470,89.94,10,11,0.7857142857142857,1.0,1.0,1.0
638,5,2,2,3,0,1,0,638,1530,89.94,10,11,1.0,1.0,1.0,1.0
639,5,3,2,3,0,1,0,639,1590,89.94,11,12,0.1875,0.0,0.0,1.0
640,5,4,2,3,0,1,0,640,1650,89.94,11,12,0.375,0.0,0.0,1.0
641,5,5,2,3,0,1,0,641,1710,89.94,11,12,0.5625,1.0,1.0,1.0
642,5,0,2,3,0,1,1,642,2510,189.93,13,14,0.7317073170731707,1.0,1.0,1.0
643,5,1,2,3,0,1,1,643,2570,189.93,13,14,0.8780487804878049,1.0,1.0,1.0
644,5,2,2,3,0,1,1,644,2630,189.93,14,15,0.021739130434782608,0.0,0.0,0.0
645,5,3,2,3,0,1,1,645,2690,189.93,14,15,0.15217391304347827,0.0,0.0,0.0
646,5,4,2,3,0,1,1,646,2750,189.93,14,15,0.2826086956521739,0.0,0.0,0.0
647,5,5,2,3,0,1,1,647,2810,189.93,14,15,0.41304347826086957,0.0,0.0,1.0
648,5,0,2,3,1,0,0,648,1060,59.94,9,10,0.20833333333333334,0.0,0.0,1.0
649,5,1,2,3,1,0,0,649,1120,59.94,9,10,0.4583333333333333,0.0,1.0,1.0
650,5,2,2,3,1,0,0,650,1180,59.94,9,10,0.7083333333333334,1.0,1.0,1.0
651,5,3,2,3,1,0,0,651,1240,59.94,9,10,0.9583333333333334,1.0,1.0,1.0
652,5,4,2,3,1,0,0,652,1300,59.94,10,11,0.17857142857142858,0.0,0.0,1.0
653,5,5,2,3,1,0,0,653,1360,59.94,10,11,0.39285714285714285,0.0,0.0,1.0
654,5,0,2,3,1,0,1,654,2160,159.93,12,13,0.8611111111111112,1.0,1.0,1.0
655,5,1,2,3,1,0,1,655,2220,159.93,13,14,0.024390243902439025,0.0,0.0,0.0
656,5,2,2,3,1,0,1,656,2280,159.93,13,14,0.17073170731707318,0.0,0.0,0.0
657,5,3,2,3,1,0,1,657,2340,159.93,13,14,0.3170731707317073,0.0,0.0,1.0
658,5,4,2,3,1,0,1,658,2400,159.93,13,14,0.4634146341463415,0.0,0.0,1.0
659,5,5,2,3,1,0,1,659,2460,159.93,13,14,0.6097560975609756,1.0,1.0,1.0
660,5,0,2,3,1,1,0,660,1710,109.93,11,12,0.5625,1.0,1.0,1.0
661,5,1,2,3,1,1,0,661,1770,109.93,11,12,0.75,1.0,1.0,1.0
662,5,2,2,3,1,1,0,662,1830,109.93,11,12,0.9375,1.0,1.0,1.0
663,5,3,2,3,1,1,0,663,1890,109.93,12,13,0.1111111111111111,0.0,0.0,0.0
664,5,4,2,3,1,1,0,664,1950,109.93,12,13,0.2777777777777778,0.0,0.0,1.0
665,5,5,2,3,1,1,0,665,2010,109.93,12,13,0.4444444444444444,0.0,0.0,1.0
666,5,0,2,3,1,1,1,666,2810,209.92000000000002,14,15,0.41304347826086957,0.0,0.0,1.0
667,5,1,2,3,1,1,1,667,2870,209.92000000000002,14,15,0.5434782608695652,1.0,0.0,1.0
668,5,2,2,3,1,1,1,668,2930,209.92000000000002,14,15,0.6739130434782609,1.0,1.0,1.0
669,5,3,2,3,1,1,1,669,2990,209.92000000000002,14,15,0.8043478260869565,1.0,1.0,1.0
670,5,4,2,3,1,1,1,670,3050,209.92000000000002,14,15,0.9347826086956522,1.0,1.0,1.0
671,5,5,2,3,1,1,1,671,3110,209.92000000000002,15,16,0.057692307692307696,0.0,0.0,0.0
672,5,0,2,4,0,0,0,672,930,49.94,8,9,0.6,1.0,1.0,1.0
673,5,1,2,4,0,0,0,673,990,49.94,8,9,0.9,1.0,1.0,1.0
674,5,2,2,4,0,0,0,674,1050,49.94,9,10,0.16666666666666666,0.0,0.0,1.0
675,5,3,2,4,0,0,0,675,1110,49.94,9,10,0.4166666666666667,0.0,1.0,1.0
676,5,4,2,4,0,0,0,676,1170,49.94,9,10,0.6666666666666666,1.0,1.0,1.0
677,5,5,2,4,0,0,0,677,1230,49.94,9,10,0.9166666666666666,1.0,1.0,1.0
678,5,0,2,4,0,0,1,678,2030,149.93,12,13,0.5,1.0,0.0,1.0
679,5,1,2,4,0,0,1,679,2090,149.93,12,13,0.6666666666666666,1.0,1.0,1.0
680,5,2,2,4,0,0,1,680,2150,149.93,12,13,0.8333333333333334,1.0,1.0,1.0
681,5,3,2,4,0,0,1,681,2210,149.93,12,13,1.0,1.0,1.0,1.0
682,5,4,2,4,0,0,1,682,2270,149.93,13,14,0.14634146341463414,0.0,0.0,0.0
683,5,5,2,4,0,0,1,683,2330,149.93,13,14,0.2926829268292683,0.0,0.0,1.0
684,5,0,2,4,0,1,0,684,1580,99.93,11,12,0.15625,0.0,0.0,1.0
685,5,1,2,4,0,1,0,685,1640,99.93,11,12,0.34375,0.0,0.0,1.0
686,5,2,2,4,0,1,0,686,1700,99.93,11,12,0.53125,1.0,1.0,1.0
687,5,3,2,4,0,1,0,687,1760,99.93,11,12,0.71875,1.0,1.0,1.0
688,5,4,2,4,0,1,0,688,1820,99.93,11,12,0.90625,1.0,1.0,1.0
689,5,5,2,4,0,1,0,689,1880,99.93,12,13,0.08333333333333333,0.0,0.0,0.0
690,5,0,2,4,0,1,1,690,2680,199.92000000000002,14,15,0.13043478260869565,0.0,0.0,0.0
691,5,1,2,4,0,1,1,691,2740,199.92000000000002,14,15,0.2608695652173913,0.0,0.0,0.0
692,5,2,2,4,0,1,1,692,2800,199.92000000000002,14,15,0.391304347826087,0.0,0.0,1.0
693,5,3,2,4,0,1,1,693,2860,199.92000000000002,14,15,0.5217391304347826,1.0,0.0,1.0
694,5,4,2,4,0,1,1,694,2920,199.92000000000002,14,15,0.6521739130434783,1.0,1.0,1.0
695,5,5,2,4,0,1,1,695,2980,199.92000000000002,14,15,0.782608695652174,1.0,1.0,1.0
696,5,0,2,4,1,0,0,696,1230,69.92999999999999,9,10,0.9166666666666666,1.0,1.0,1.0
697,5,1,2,4,1,0,0,697,1290,69.92999999999999,10,11,0.14285714285714285,0.0,0.0,1.0
698,5,2,2,4,1,0,0,698,1350,69.92999999999999,10,11,0.35714285714285715,0.0,0.0,1.0
699,5,3,2,4,1,0,0,699,1410,69.92999999999999,10,11,0.5714285714285714,1.0,1.0,1.0
700,5,4,2,4,1,0,0,700,1470,69.92999999999999,10,11,0.7857142857142857,1.0,1.0,1.0
701,5,5,2,4,1,0,0,701,1530,69.92999999999999,10,11,1.0,1.0,1.0,1.0
702,5,0,2,4,1,0,1,702,2330,169.92,13,14,0.2926829268292683,0.0,0.0,1.0
703,5,1,2,4,1,0,1,703,2390,169.92,13,14,0.43902439024390244,0.0,0.0,1.0
704,5,2,2,4,1,0,1,704,2450,169.92,13,14,0.5853658536585366,1.0,0.0,1.0
705,5,3,2,4,1,0,1,705,2510,169.92,13,14,0.7317073170731707,1.0,1.0,1.0
706,5,4,2,4,1,0,1,706,2570,169.92,13,14,0.8780487804878049,1.0,1.0,1.0
707,5,5,2,4,1,0,1,707,2630,169.92,14,15,0.021739130434782608,0.0,0.0,0.0
708,5,0,2,4,1,1,0,708,1880,119.91999999999999,12,13,0.08333333333333333,0.0,0.0,0.0
709,5,1,2,4,1,1,0,709,1940,119.91999999999999,12,13,0.25,0.0,0.0,1.0
710,5,2,2,4,1,1,0,710,2000,119.91999999999999,12,13,0.4166666666666667,0.0,0.0,1.0
711,5,3,2,4,1,1,0,711,2060,119.91999999999999,12,13,0.5833333333333334,1.0,1.0,1.0
712,5,4,2,4,1,1,0,712,2120,119.91999999999999,12,13,0.75,1.0,1.0,1.0
713,5,5,2,4,1,1,0,713,2180,119.91999999999999,12,13,0.9166666666666666,1.0,1.0,1.0
714,5,0,2,4,1,1,1,714,2980,219.90999999999997,14,15,0.782608695652174,1.0,1.0,1.0
715,5,1,2,4,1,1,1,715,3040,219.90999999999997,14,15,0.9130434782608695,1.0,1.0,1.0
716,5,2,2,4,1,1,1,716,3100,219.90999999999997,15,16,0.038461538461538464,0.0,0.0,0.0
717,5,3,2,4,1,1,1,717,3160,219.90999999999997,15,16,0.15384615384615385,0.0,0.0,0.0
718,5,4,2,4,1,1,1,718,3220,219.90999999999997,15,16,0.2692307692307692,0.0,0.0,0.0
719,5,5,2,4,1,1,1,719,3280,219.90999999999997,15,16,0.38461538461538464,0.0,0.0,0.0
720,5,0,3,0,0,0,0,720,350,14.97,4,5,0.7,1.0,1.0,1.0
721,5,1,3,0,0,0,0,721,410,14.97,5,6,0.25,0.0,1.0,1.0
722,5,2,3,0,0,0,0,722,470,14.97,5,6,0.75,1.0,1.0,1.0
723,5,3,3,0,0,0,0,723,530,14.97,6,7,0.21428571428571427,0.0,1.0,1.0
724,5,4,3,0,0,0,0,724,590,14.97,6,7,0.6428571428571429,1.0,1.0,1.0
725,5,5,3,0,0,0,0,725,650,14.97,7,8,0.058823529411764705,0.0,1.0,1.0
726,5,0,3,0,0,0,1,726,1450,114.96,10,11,0.7142857142857143,1.0,1.0,1.0
727,5,1,3,0,0,0,1,727,1510,114.96,10,11,0.9285714285714286,1.0,1.0,1.0
728,5,2,3,0,0,0,1,728,1570,114.96,11,12,0.125,0.0,0.0,1.0
729,5,3,3,0,0,0,1,729,1630,114.96,11,12,0.3125,0.0,0.0,1.0
730,5,4,3,0,0,0,1,730,1690,114.96,11,12,0.5,1.0,1.0,1.0
731,5,5,3,0,0,0,1,731,1750,114.96,11,12,0.6875,1.0,1.0,1.0
732,5,0,3,0,0,1,0,732,1000,64.96000000000001,8,9,0.95,1.0,1.0,1.0
733,5,1,3,0,0,1,0,733,1060,64.96000000000001,9,10,0.20833333333333334,0.0,0.0,1.0
734,5,2,3,0,0,1,0,734,1120,64.96000000000001,9,10,0.4583333333333333,0.0,1.0,1.0
735,5,3,3,0,0,1,0,735,1180,64.96000000000001,9,10,0.7083333333333334,1.0,1.0,1.0
736,5,4,3,0,0,1,0,736,1240,64.96000000000001,9,10,0.9583333333333334,1.0,1.0,1.0
737,5,5,3,0,0,1,0,737,1300,64.96000000000001,10,11,0.17857142857142858,0.0,0.0,1.0
738,5,0,3,0,0,1,1,738,2100,164.95,12,13,0.6944444444444444,1.0,1.0,1.0
739,5,1,3,0,0,1,1,739,2160,164.95,12,13,0.8611111111111112,1.0,1.0,1.0
740,5,2,3,0,0,1,1,740,2220,164.95,13,14,0.024390243902439025,0.0,0.0,0.0
741,5,3,3,0,0,1,1,741,2280,164.95,13,14,0.17073170731707318,0.0,0.0,0.0
742,5,4,3,0,0,1,1,742,2340,164.95,13,14,0.3170731707317073,0.0,0.0,1.0
743,5,5,3,0,0,1,1,743,2400,164.95,13,14,0.4634146341463415,0.0,0.0,1.0
744,5,0,3,0,1,0,0,744,650,34.96,7,8,0.058823529411764705,0.0,1.0,1.0
745,5,1,3,0,1,0,0,745,710,34.96,7,8,0.4117647058823529,0.0,1.0,1.0
746,5,2,3,0,1,0,0,746,770,34.96,7,8,0.7647058823529411,1.0,1.0,1.0
747,5,3,3,0,1,0,0,747,830,34.96,8,9,0.1,0.0,0.0,1.0
748,5,4,3,0,1,0,0,748,890,34.96,8,9,0.4,0.0,1.0,1.0
749,5,5,3,0,1,0,0,749,950,34.96,8,9,0.7,1.0,1.0,1.0
750,5,0,3,0,1,0,1,750,1750,134.95,11,12,0.6875,1.0,1.0,1.0
751,5,1,3,0,1,0,1,751,1810,134.95,11,12,0.875,1.0,1.0,1.0
752,5,2,3,0,1,0,1,752,1870,134.95,12,13,0.05555555555555555,0.0,0.0,0.0
753,5,3,3,0,1,0,1,753,1930,134.95,12,13,0.2222222222222222,0.0,0.0,1.0
754,5,4,3,0,1,0,1,754,1990,134.95,12,13,0.3888888888888889,0.0,0.0,1.0
755,5,5,3,0,1,0,1,755,2050,134.95,12,13,0.5555555555555556,1.0,1.0,1.0
756,5,0,3,0,1,1,0,756,1300,84.95,10,11,0.17857142857142858,0.0,0.0,1.0
757,5,1,3,0,1,1,0,757,1360,84.95,10,11,0.39285714285714285,0.0,0.0,1.0
758,5,2,3,0,1,1,0,758,1420,84.95,10,11,0.6071428571428571,1.0,1.0,1.0
759,5,3,3,0,1,1,0,759,1480,84.95,10,11,0.8214285714285714,1.0,1.0,1.0
760,5,4,3,0,1,1,0,760,1540,84.95,11,12,0.03125,0.0,0.0,0.0
761,5,5,3,0,1,1,0,761,1600,84.95,11,12,0.21875,0.0,0.0,1.0
762,5,0,3,0,1,1,1,762,2400,184.94,13,14,0.4634146341463415,0.0,0.0,1.0
763,5,1,3,0,1,1,1,763,2460,184.94,13,14,0.6097560975609756,1.0,1.0,1.0
764,5,2,3,0,1,1,1,764,2520,184.94,13,14,0.7560975609756098,1.0,1.0,1.0
765,5,3,3,0,1,1,1,765,2580,184.94,13,14,0.9024390243902439,1.0,1.0,1.0
766,5,4,3,0,1,1,1,766,2640,184.94,14,15,0.043478260869565216,0.0,0.0,0.0
767,5,5,3,0,1,1,1,767,2700,184.94,14,15,0.17391304347826086,0.0,0.0,0.0
768,5,0,3,1,0,0,0,768,520,24.96,6,7,0.14285714285714285,0.0,1.0,1.0
769,5,1,3,1,0,0,0,769,580,24.96,6,7,0.5714285714285714,1.0,1.0,1.0
770,5,2,3,1,0,0,0,770,640,24.96,6,7,1.0,1.0,1.0,1.0
771,5,3,3,1,0,0,0,771,700,24.96,7,8,0.35294117647058826,0.0,1.0,1.0
772,5,4,3,1,0,0,0,772,760,24.96,7,8,0.7058823529411765,1.0,1.0,1.0
773,5,5,3,1,0,0,0,773,820,24.96,8,9,0.05,0.0,0.0,1.0
774,5,0,3,1,0,0,1,774,1620,124.94999999999999,11,12,0.28125,0.0,0.0,1.0
775,5,1,3,1,0,0,1,775,1680,124.94999999999999,11,12,0.46875,0.0,0.0,1.0
776,5,2,3,1,0,0,1,776,1740,124.94999999999999,11,12,0.65625,1.0,1.0,1.0
777,5,3,3,1,0,0,1,777,1800,124.94999999999999,11,12,0.84375,1.0,1.0,1.0
778,5,4,3,1,0,0,1,778,1860,124.94999999999999,12,13,0.027777777777777776,0.0,0.0,0.0
779,5,5,3,1,0,0,1,779,1920,124.94999999999999,12,13,0.19444444444444445,0.0,0.0,1.0
780,5,0,3,1,0,1,0,780,1170,74.95,9,10,0.6666666666666666,1.0,1.0,1.0
781,5,1,3,1,0,1,0,781,1230,74.95,9,10,0.9166666666666666,1.0,1.0,1.0
782,5,2,3,1,0,1,0,782,1290,74.95,10,11,0.14285714285714285,0.0,0.0,1.0
783,5,3,3,1,0,1,0,783,1350,74.95,10,11,0.35714285714285715,0.0,0.0,1.0
784,5,4,3,1,0,1,0,784,1410,74.95,10,11,0.5714285714285714,1.0,1.0,1.0
785,5,5,3,1,0,1,0,785,1470,74.95,10,11,0.7857142857142857,1.0,1.0,1.0
786,5,0,3,1,0,1,1,786,2270,174.94,13,14,0.14634146341463414,0.0,0.0,0.0
787,5,1,3,1,0,1,1,787,2330,174.94,13,14,0.2926829268292683,0.0,0.0,1.0
788,5,2,3,1,0,1,1,788,2390,174.94,13,14,0.43902439024390244,0.0,0.0,1.0
789,5,3,3,1,0,1,1,789,2450,174.94,13,14,0.5853658536585366,1.0,0.0,1.0
790,5,4,3,1,0,1,1,790,2510,174.94,13,14,0.7317073170731707,1.0,1.0,1.0
791,5,5,3,1,0,1,1,791,2570,174.94,13,14,0.8780487804878049,1.0,1.0,1.0
792,5,0,3,1,1,0,0,792,820,44.95,8,9,0.05,0.0,0.0,1.0
793,5,1,3,1,1,0,0,793,880,44.95,8,9,0.35,0.0,1.0,1.0
794,5,2,3,1,1,0,0,794,940,44.95,8,9,0.65,1.0,1.0,1.0
795,5,3,3,1,1,0,0,795,1000,44.95,8,9,0.95,1.0,1.0,1.0
796,5,4,3,1,1,0,0,796,1060,44.95,9,10,0.20833333333333334,0.0,0.0,1.0
797,5,5,3,1,1,0,0,797,1120,44.95,9,10,0.4583333333333333,0.0,1.0,1.0
798,5,0,3,1,1,0,1,798,1920,144.94,12,13,0.19444444444444445,0.0,0.0,1.0
799,5,1,3,1,1,0,1,799,1980,144.94,12,13,0.3611111111111111,0.0,0.0,1.0
800,5,2,3,1,1,0,1,800,2040,144.94,12,13,0.5277777777777778,1.0,0.0,1.0
801,5,3,3,1,1,0,1,801,2100,144.94,12,13,0.6944444444444444,1.0,1.0,1.0
802,5,4,3,1,1,0,1,802,2160,144.94,12,13,0.8611111111111112,1.0,1.0,1.0
803,5,5,3,1,1,0,1,803,2220,144.94,13,14,0.024390243902439025,0.0,0.0,0.0
804,5,0,3,1,1,1,0,804,1470,94.94,10,11,0.7857142857142857,1.0,1.0,1.0
805,5,1,3,1,1,1,0,805,1530,94.94,10,11,1.0,1.0,1.0,1.0
806,5,2,3,1,1,1,0,806,1590,94.94,11,12,0.1875,0.0,0.0,1.0
807,5,3,3,1,1,1,0,807,1650,94.94,11,12,0.375,0.0,0.0,1.0
808,5,4,3,1,1,1,0,808,1710,94.94,11,12,0.5625,1.0,1.0,1.0
809,5,5,3,1,1,1,0,809,1770,94.94,11,12,0.75,1.0,1.0,1.0
810,5,0,3,1,1,1,1,810,2570,194.93,13,14,0.8780487804878049,1.0,1.0,1.0
811,5,1,3,1,1,1,1,811,2630,194.93,14,15,0.021739130434782608,0.0,0.0,0.0
812,5,2,3,1,1,1,1,812,2690,194.93,14,15,0.15217391304347827,0.0,0.0,0.0
813,5,3,3,1,1,1,1,813,2750,194.93,14,15,0.2826086956521739,0.0,0.0,0.0
814,5,4,3,1,1,1,1,814,2810,194.93,14,15,0.41304347826086957,0.0,0.0,1.0
815,5,5,3,1,1,1,1,815,2870,194.93,14,15,0.5434782608695652,1.0,0.0,1.0
816,5,0,3,2,0,0,0,816,690,34.95,7,8,0.29411764705882354,0.0,1.0,1.0
817,5,1,3,2,0,0,0,817,750,34.95,7,8,0.6470588235294118,1.0,1.0,1.0
818,5,2,3,2,0,0,0,818,810,34.95,7,8,1.0,1.0,1.0,1.0
819,5,3,3,2,0,0,0,819,870,34.95,8,9,0.3,0.0,1.0,1.0
820,5,4,3,2,0,0,0,820,930,34.95,8,9,0.6,1.0,1.0,1.0
821,5,5,3,2,0,0,0,821,990,34.95,8,9,0.9,1.0,1.0,1.0
822,5,0,3,2,0,0,1,822,1790,134.94,11,12,0.8125,1.0,1.0,1.0
823,5,1,3,2,0,0,1,823,1850,134.94,11,12,1.0,1.0,1.0,1.0
824,5,2,3,2,0,0,1,824,1910,134.94,12,13,0.16666666666666666,0.0,0.0,0.0
825,5,3,3,2,0,0,1,825,1970,134.94,12,13,0.3333333333333333,0.0,0.0,1.0
826,5,4,3,2,0,0,1,826,2030,134.94,12,13,0.5,1.0,0.0,1.0
827,5,5,3,2,0,0,1,827,2090,134.94,12,13,0.6666666666666666,1.0,1.0,1.0
828,5,0,3,2,0,1,0,828,1340,84.94,10,11,0.32142857142857145,0.0,0.0,1.0
829,5,1,3,2,0,1,0,829,1400,84.94,10,11,0.5357142857142857,1.0,1.0,1.0
830,5,2,3,2,0,1,0,830,1460,84.94,10,11,0.75,1.0,1.0,1.0
831,5,3,3,2,0,1,0,831,1520,84.94,10,11,0.9642857142857143,1.0,1.0,1.0
832,5,4,3,2,0,1,0,832,1580,84.94,11,12,0.15625,0.0,0.0,1.0
833,5,5,3,2,0,1,0,833,1640,84.94,11,12,0.34375,0.0,0.0,1.0
834,5,0,3,2,0,1,1,834,2440,184.93,13,14,0.5609756097560976,1.0,0.0,1.0
835,5,1,3,2,0,1,1,835,2500,184.93,13,14,0.7073170731707317,1.0,1.0,1.0
836,5,2,3,2,0,1,1,836,2560,184.93,13,14,0.8536585365853658,1.0,1.0,1.0
837,5,3,3,2,0,1,1,837,2620,184.93,13,14,1.0,1.0,1.0,1.0
838,5,4,3,2,0,1,1,838,2680,184.93,14,15,0.13043478260869565,0.0,0.0,0.0
839,5,5,3,2,0,1,1,839,2740,184.93,14,15,0.2608695652173913,0.0,0.0,0.0
840,5,0,3,2,1,0,0,840,990,54.94,8,9,0.9,1.0,1.0,1.0
841,5,1,3,2,1,0,0,841,1050,54.94,9,10,0.16666666666666666,0.0,0.0,1.0
842,5,2,3,2,1,0,0,842,1110,54.94,9,10,0.4166666666666667,0.0,1.0,1.0
843,5,3,3,2,1,0,0,843,1170,54.94,9,10,0.6666666666666666,1.0,1.0,1.0
844,5,4,3,2,1,0,0,844,1230,54.94,9,10,0.9166666666666666,1.0,1.0,1.0
845,5,5,3,2,1,0,0,845,1290,54.94,10,11,0.14285714285714285,0.0,0.0,1.0
846,5,0,3,2,1,0,1,846,2090,154.93,12,13,0.6666666666666666,1.0,1.0,1.0
847,5,1,3,2,1,0,1,847,2150,154.93,12,13,0.8333333333333334,1.0,1.0,1.0
848,5,2,3,2,1,0,1,848,2210,154.93,12,13,1.0,1.0,1.0,1.0
849,5,3,3,2,1,0,1,849,2270,154.93,13,14,0.14634146341463414,0.0,0.0,0.0
850,5,4,3,2,1,0,1,850,2330,154.93,13,14,0.2926829268292683,0.0,0.0,1.0
851,5,5,3,2,1,0,1,851,2390,154.93,13,14,0.43902439024390244,0.0,0.0,1.0
852,5,0,3,2,1,1,0,852,1640,104.93,11,12,0.34375,0.0,0.0,1.0
853,5,1,3,2,1,1,0,853,1700,104.93,11,12,0.53125,1.0,1.0,1.0
854,5,2,3,2,1,1,0,854,1760,104.93,11,12,0.71875,1.0,1.0,1.0
855,5,3,3,2,1,1,0,855,1820,104.93,11,12,0.90625,1.0,1.0,1.0
856,5,4,3,2,1,1,0,856,1880,104.93,12,13,0.08333333333333333,0.0,0.0,0.0
857,5,5,3,2,1,1,0,857,1940,104.93,12,13,0.25,0.0,0.0,1.0
858,5,0,3,2,1,1,1,858,2740,204.92000000000002,14,15,0.2608695652173913,0.0,0.0,0.0
859,5,1,3,2,1,1,1,859,2800,204.92000000000002,14,15,0.391304347826087,0.0,0.0,1.0
860,5,2,3,2,1,1,1,860,2860,204.92000000000002,14,15,0.5217391304347826,1.0,0.0,1.0
861,5,3,3,2,1,1,1,861,2920,204.92000000000002,14,15,0.6521739130434783,1.0,1.0,1.0
862,5,4,3,2,1,1,1,862,2980,204.92000000000002,14,15,0.782608695652174,1.0,1.0,1.0
863,5,5,3,2,1,1,1,863,3040,204.92000000000002,14,15,0.9130434782608695,1.0,1.0,1.0
864,5,0,3,3,0,0,0,864,860,44.94,8,9,0.25,0.0,1.0,1.0
865,5,1,3,3,0,0,0,865,920,44.94,8,9,0.55,1.0,1.0,1.0
866,5,2,3,3,0,0,0,866,980,44.94,8,9,0.85,1.0,1.0,1.0
867,5,3,3,3,0,0,0,867,1040,44.94,9,10,0.125,0.0,0.0,1.0
868,5,4,3,3,0,0,0,868,1100,44.94,9,10,0.375,0.0,1.0,1.0
869,5,5,3,3,0,0,0,869,1160,44.94,9,10,0.625,1.0,1.0,1.0
870,5,0,3,3,0,0,1,870,1960,144.93,12,13,0.3055555555555556,0.0,0.0,1.0
871,5,1,3,3,0,0,1,871,2020,144.93,12,13,0.4722222222222222,0.0,0.0,1.0
872,5,2,3,3,0,0,1,872,2080,144.93,12,13,0.6388888888888888,1.0,1.0,1.0
873,5,3,3,3,0,0,1,873,2140,144.93,12,13,0.8055555555555556,1.0,1.0,1.0
874,5,4,3,3,0,0,1,874,2200,144.93,12,13,0.9722222222222222,1.0,1.0,1.0
875,5,5,3,3,0,0,1,875,2260,144.93,13,14,0.12195121951219512,0.0,0.0,0.0
876,5,0,3,3,0,1,0,876,1510,94.93,10,11,0.9285714285714286,1.0,1.0,1.0
877,5,1,3,3,0,1,0,877,1570,94.93,11,12,0.125,0.0,0.0,1.0
878,5,2,3,3,0,1,0,878,1630,94.93,11,12,0.3125,0.0,0.0,1.0
879,5,3,3,3,0,1,0,879,1690,94.93,11,12,0.5,1.0,1.0,1.0
880,5,4,3,3,0,1,0,880,1750,94.93,11,12,0.6875,1.0,1.0,1.0
881,5,5,3,3,0,1,0,881,1810,94.93,11,12,0.875,1.0,1.0,1.0
882,5,0,3,3,0,1,1,882,2610,194.92000000000002,13,14,0.975609756097561,1.0,1.0,1.0
883,5,1,3,3,0,1,1,883,2670,194.92000000000002,14,15,0.10869565217391304,0.0,0.0,0.0
884,5,2,3,3,0,1,1,884,2730,194.92000000000002,14,15,0.2391304347826087,0.0,0.0,0.0
885,5,3,3,3,0,1,1,885,2790,194.92000000000002,14,15,0.3695652173913043,0.0,0.0,1.0
886,5,4,3,3,0,1,1,886,2850,194.92000000000002,14,15,0.5,1.0,0.0,1.0
887,5,5,3,3,0,1,1,887,2910,194.92000000000002,14,15,0.6304347826086957,1.0,0.0,1.0
888,5,0,3,3,1,0,0,888,1160,64.92999999999999,9,10,0.625,1.0,1.0,1.0
889,5,1,3,3,1,0,0,889,1220,64.92999999999999,9,10,0.875,1.0,1.0,1.0
890,5,2,3,3,1,0,0,890,1280,64.92999999999999,10,11,0.10714285714285714,0.0,0.0,1.0
891,5,3,3,3,1,0,0,891,1340,64.92999999999999,10,11,0.32142857142857145,0.0,0.0,1.0
892,5,4,3,3,1,0,0,892,1400,64.92999999999999,10,11,0.5357142857142857,1.0,1.0,1.0
893,5,5,3,3,1,0,0,893,1460,64.92999999999999,10,11,0.75,1.0,1.0,1.0
894,5,0,3,3,1,0,1,894,2260,164.92,13,14,0.12195121951219512,0.0,0.0,0.0
895,5,1,3,3,1,0,1,895,2320,164.92,13,14,0.2682926829268293,0.0,0.0,0.0
896,5,2,3,3,1,0,1,896,2380,164.92,13,14,0.4146341463414634,0.0,0.0,1.0
897,5,3,3,3,1,0,1,897,2440,164.92,13,14,0.5609756097560976,1.0,0.0,1.0
898,5,4,3,3,1,0,1,898,2500,164.92,13,14,0.7073170731707317,1.0,1.0,1.0
899,5,5,3,3,1,0,1,899,2560,164.92,13,14,0.8536585365853658,1.0,1.0,1.0
900,5,0,3,3,1,1,0,900,1810,114.91999999999999,11,12,0.875,1.0,1.0,1.0
901,5,1,3,3,1,1,0,901,1870,114.91999999999999,12,13,0.05555555555555555,0.0,0.0,0.0
902,5,2,3,3,1,1,0,902,1930,114.91999999999999,12,13,0.2222222222222222,0.0,0.0,1.0
903,5,3,3,3,1,1,0,903,1990,114.91999999999999,12,13,0.3888888888888889,0.0,0.0,1.0
904,5,4,3,3,1,1,0,904,2050,114.91999999999999,12,13,0.5555555555555556,1.0,1.0,1.0
905,5,5,3,3,1,1,0,905,2110,114.91999999999999,12,13,0.7222222222222222,1.0,1.0,1.0
906,5,0,3,3,1,1,1,906,2910,214.90999999999997,14,15,0.6304347826086957,1.0,0.0,1.0
907,5,1,3,3,1,1,1,907,2970,214.90999999999997,14,15,0.7608695652173914,1.0,1.0,1.0
908,5,2,3,3,1,1,1,908,3030,214.90999999999997,14,15,0.8913043478260869,1.0,1.0,1.0
909,5,3,3,3,1,1,1,909,3090,214.90999999999997,15,16,0.019230769230769232,0.0,0.0,0.0
910,5,4,3,3,1,1,1,910,3150,214.90999999999997,15,16,0.1346153846153846,0.0,0.0,0.0
911,5,5,3,3,1,1,1,911,3210,214.90999999999997,15,16,0.25,0.0,0.0,0.0
912,5,0,3,4,0,0,0,912,1030,54.93,9,10,0.08333333333333333,0.0,0.0,1.0
913,5,1,3,4,0,0,0,913,1090,54.93,9,10,0.3333333333333333,0.0,1.0,1.0
914,5,2,3,4,0,0,0,914,1150,54.93,9,10,0.5833333333333334,1.0,1.0,1.0
915,5,3,3,4,0,0,0,915,1210,54.93,9,10,0.8333333333333334,1.0,1.0,1.0
916,5,4,3,4,0,0,0,916,1270,54.93,10,11,0.07142857142857142,0.0,0.0,1.0
917,5,5,3,4,0,0,0,917,1330,54.93,10,11,0.2857142857142857,0.0,0.0,1.0
918,5,0,3,4,0,0,1,918,2130,154.92,12,13,0.7777777777777778,1.0,1.0,1.0
919,5,1,3,4,0,0,1,919,2190,154.92,12,13,0.9444444444444444,1.0,1.0,1.0
920,5,2,3,4,0,0,1,920,2250,154.92,13,14,0.0975609756097561,0.0,0.0,0.0
921,5,3,3,4,0,0,1,921,2310,154.92,13,14,0.24390243902439024,0.0,0.0,0.0
922,5,4,3,4,0,0,1,922,2370,154.92,13,14,0.3902439024390244,0.0,0.0,1.0
923,5,5,3,4,0,0,1,923,2430,154.92,13,14,0.5365853658536586,1.0,0.0,1.0
924,5,0,3,4,0,1,0,924,1680,104.92,11,12,0.46875,0.0,0.0,1.0
925,5,1,3,4,0,1,0,925,1740,104.92,11,12,0.65625,1.0,1.0,1.0
926,5,2,3,4,0,1,0,926,1800,104.92,11,12,0.84375,1.0,1.0,1.0
927,5,3,3,4,0,1,0,927,1860,104.92,12,13,0.027777777777777776,0.0,0.0,0.0
928,5,4,3,4,0,1,0,928,1920,104.92,12,13,0.19444444444444445,0.0,0.0,1.0
929,5,5,3,4,0,1,0,929,1980,104.92,12,13,0.3611111111111111,0.0,0.0,1.0
930,5,0,3,4,0,1,1,930,2780,204.91,14,15,0.34782608695652173,0.0,0.0,0.0
931,5,1,3,4,0,1,1,931,2840,204.91,14,15,0.4782608695652174,0.0,0.0,1.0
932,5,2,3,4,0,1,1,932,2900,204.91,14,15,0.6086956521739131,1.0,0.0,1.0
933,5,3,3,4,0,1,1,933,2960,204.91,14,15,0.7391304347826086,1.0,1.0,1.0
934,5,4,3,4,0,1,1,934,3020,204.91,14,15,0.8695652173913043,1.0,1.0,1.0
935,5,5,3,4,0,1,1,935,3080,204.91,14,15,1.0,1.0,1.0,1.0
936,5,0,3,4,1,0,0,936,1330,74.92,10,11,0.2857142857142857,0.0,0.0,1.0
937,5,1,3,4,1,0,0,937,1390,74.92,10,11,0.5,1.0,1.0,1.0
938,5,2,3,4,1,0,0,938,1450,74.92,10,11,0.7142857142857143,1.0,1.0,1.0
939,5,3,3,4,1,0,0,939,1510,74.92,10,11,0.9285714285714286,1.0,1.0,1.0
940,5,4,3,4,1,0,0,940,1570,74.92,11,12,0.125,0.0,0.0,1.0
941,5,5,3,4,1,0,0,941,1630,74.92,11,12,0.3125,0.0,0.0,1.0
942,5,0,3,4,1,0,1,942,2430,174.91,13,14,0.5365853658536586,1.0,0.0,1.0
943,5,1,3,4,1,0,1,943,2490,174.91,13,14,0.6829268292682927,1.0,1.0,1.0
944,5,2,3,4,1,0,1,944,2550,174.91,13,14,0.8292682926829268,1.0,1.0,1.0
945,5,3,3,4,1,0,1,945,2610,174.91,13,14,0.975609756097561,1.0,1.0,1.0
946,5,4,3,4,1,0,1,946,2670,174.91,14,15,0.10869565217391304,0.0,0.0,0.0
947,5,5,3,4,1,0,1,947,2730,174.91,14,15,0.2391304347826087,0.0,0.0,0.0
948,5,0,3,4,1,1,0,948,1980,124.91,12,13,0.3611111111111111,0.0,0.0,1.0
949,5,1,3,4,1,1,0,949,2040,124.91,12,13,0.5277777777777778,1.0,0.0,1.0
950,5,2,3,4,1,1,0,950,2100,124.91,12,13,0.6944444444444444,1.0,1.0,1.0
951,5,3,3,4,1,1,0,951,2160,124.91,12,13,0.8611111111111112,1.0,1.0,1.0
952,5,4,3,4,1,1,0,952,2220,124.91,13,14,0.024390243902439025,0.0,0.0,0.0
953,5,5,3,4,1,1,0,953,2280,124.91,13,14,0.17073170731707318,0.0,0.0,0.0
954,5,0,3,4,1,1,1,954,3080,224.89999999999998,14,15,1.0,1.0,1.0,1.0
955,5,1,3,4,1,1,1,955,3140,224.89999999999998,15,16,0.11538461538461539,0.0,0.0,0.0
956,5,2,3,4,1,1,1,956,3200,224.89999999999998,15,16,0.23076923076923078,0.0,0.0,0.0
957,5,3,3,4,1,1,1,957,3260,224.89999999999998,15,16,0.34615384615384615,0.0,0.0,0.0
958,5,4,3,4,1,1,1,958,3320,224.89999999999998,15,16,0.46153846153846156,0.0,0.0,1.0
959,5,5,3,4,1,1,1,959,3380,224.89999999999998,15,16,0.5769230769230769,1.0,0.0,1.0
960,5,0,4,0,0,0,0,960,450,19.96,5,6,0.5833333333333334,1.0,1.0,1.0
961,5,1,4,0,0,0,0,961,510,19.96,6,7,0.07142857142857142,0.0,1.0,1.0
962,5,2,4,0,0,0,0,962,570,19.96,6,7,0.5,1.0,1.0,1.0
963,5,3,4,0,0,0,0,963,630,19.96,6,7,0.9285714285714286,1.0,1.0,1.0
964,5,4,4,0,0,0,0,964,690,19.96,7,8,0.29411764705882354,0.0,1.0,1.0
965,5,5,4,0,0,0,0,965,750,19.96,7,8,0.6470588235294118,1.0,1.0,1.0
966,5,0,4,0,0,0,1,966,1550,119.94999999999999,11,12,0.0625,0.0,0.0,0.0
967,5,1,4,0,0,0,1,967,1610,119.94999999999999,11,12,0.25,0.0,0.0,1.0
968,5,2,4,0,0,0,1,968,1670,119.94999999999999,11,12,0.4375,0.0,0.0,1.0
969,5,3,4,0,0,0,1,969,1730,119.94999999999999,11,12,0.625,1.0,1.0,1.0
970,5,4,4,0,0,0,1,970,1790,119.94999999999999,11,12,0.8125,1.0,1.0,1.0
971,5,5,4,0,0,0,1,971,1850,119.94999999999999,11,12,1.0,1.0,1.0,1.0
972,5,0,4,0,0,1,0,972,1100,69.95,9,10,0.375,0.0,1.0,1.0
973,5,1,4,0,0,1,0,973,1160,69.95,9,10,0.625,1.0,1.0,1.0
974,5,2,4,0,0,1,0,974,1220,69.95,9,10,0.875,1.0,1.0,1.0
975,5,3,4,0,0,1,0,975,1280,69.95,10,11,0.10714285714285714,0.0,0.0,1.0
976,5,4,4,0,0,1,0,976,1340,69.95,10,11,0.32142857142857145,0.0,0.0,1.0
977,5,5,4,0,0,1,0,977,1400,69.95,10,11,0.5357142857142857,1.0,1.0,1.0
978,5,0,4,0,0,1,1,978,2200,169.94,12,13,0.9722222222222222,1.0,1.0,1.0
979,5,1,4,0,0,1,1,979,2260,169.94,13,14,0.12195121951219512,0.0,0.0,0.0
980,5,2,4,0,0,1,1,980,2320,169.94,13,14,0.2682926829268293,0.0,0.0,0.0
981,5,3,4,0,0,1,1,981,2380,169.94,13,14,0.4146341463414634,0.0,0.0,1.0
982,5,4,4,0,0,1,1,982,2440,169.94,13,14,0.5609756097560976,1.0,0.0,1.0
983,5,5,4,0,0,1,1,983,2500,169.94,13,14,0.7073170731707317,1.0,1.0,1.0
984,5,0,4,0,1,0,0,984,750,39.95,7,8,0.6470588235294118,1.0,1.0,1.0
985,5,1,4,0,1,0,0,985,810,39.95,7,8,1.0,1.0,1.0,1.0
986,5,2,4,0,1,0,0,986,870,39.95,8,9,0.3,0.0,1.0,1.0
987,5,3,4,0,1,0,0,987,930,39.95,8,9,0.6,1.0,1.0,1.0
988,5,4,4,0,1,0,0,988,990,39.95,8,9,0.9,1.0,1.0,1.0
989,5,5,4,0,1,0,0,989,1050,39.95,9,10,0.16666666666666666,0.0,0.0,1.0
990,5,0,4,0,1,0,1,990,1850,139.94,11,12,1.0,1.0,1.0,1.0
991,5,1,4,0,1,0,1,991,1910,139.94,12,13,0.16666666666666666,0.0,0.0,0.0
992,5,2,4,0,1,0,1,992,1970,139.94,12,13,0.3333333333333333,0.0,0.0,1.0
993,5,3,4,0,1,0,1,993,2030,139.94,12,13,0.5,1.0,0.0,1.0
994,5,4,4,0,1,0,1,994,2090,139.94,12,13,0.6666666666666666,1.0,1.0,1.0
995,5,5,4,0,1,0,1,995,2150,139.94,12,13,0.8333333333333334,1.0,1.0,1.0
996,5,0,4,0,1,1,0,996,1400,89.94,10,11,0.5357142857142857,1.0,1.0,1.0
997,5,1,4,0,1,1,0,997,1460,89.94,10,11,0.75,1.0,1.0,1.0
998,5,2,4,0,1,1,0,998,1520,89.94,10,11,0.9642857142857143,1.0,1.0,1.0
999,5,3,4,0,1,1,0,999,1580,89.94,11,12,0.15625,0.0,0.0,1.0
1000,5,4,4,0,1,1,0,1000,1640,89.94,11,12,0.34375,0.0,0.0,1.0
1001,5,5,4,0,1,1,0,1001,1700,89.94,11,12,0.53125,1.0,1.0,1.0
1002,5,0,4,0,1,1,1,1002,2500,189.93,13,14,0.7073170731707317,1.0,1.0,1.0
1003,5,1,4,0,1,1,1,1003,2560,189.93,13,14,0.8536585365853658,1.0,1.0,1.0
1004,5,2,4,0,1,1,1,1004,2620,189.93,13,14,1.0,1.0,1.0,1.0
1005,5,3,4,0,1,1,1,1005,2680,189.93,14,15,0.13043478260869565,0.0,0.0,0.0
1006,5,4,4,0,1,1,1,1006,2740,189.93,14,15,0.2608695652173913,0.0,0.0,0.0
1007,5,5,4,0,1,1,1,1007,2800,189.93,14,15,0.391304347826087,0.0,0.0,1.0
1008,5,0,4,1,0,0,0,1008,620,29.950000000000003,6,7,0.8571428571428571,1.0,1.0,1.0
1009,5,1,4,1,0,0,0,1009,680,29.950000000000003,7,8,0.23529411764705882,0.0,1.0,1.0
1010,5,2,4,1,0,0,0,1010,740,29.950000000000003,7,8,0.5882352941176471,1.0,1.0,1.0
1011,5,3,4,1,0,0,0,1011,800,29.950000000000003,7,8,0.9411764705882353,1.0,1.0,1.0
1012,5,4,4,1,0,0,0,1012,860,29.950000000000003,8,9,0.25,0.0,1.0,1.0
1013,5,5,4,1,0,0,0,1013,920,29.950000000000003,8,9,0.55,1.0,1.0,1.0
1014,5,0,4,1,0,0,1,1014,1720,129.94,11,12,0.59375,1.0,1.0,1.0
1015,5,1,4,1,0,0,1,1015,1780,129.94,11,12,0.78125,1.0,1.0,1.0
1016,5,2,4,1,0,0,1,1016,1840,129.94,11,12,0.96875,1.0,1.0,1.0
1017,5,3,4,1,0,0,1,1017,1900,129.94,12,13,0.1388888888888889,0.0,0.0,0.0
1018,5,4,4,1,0,0,1,1018,1960,129.94,12,13,0.3055555555555556,0.0,0.0,1.0
1019,5,5,4,1,0,0,1,1019,2020,129.94,12,13,0.4722222222222222,0.0,0.0,1.0
1020,5,0,4,1,0,1,0,1020,1270,79.94,10,11,0.07142857142857142,0.0,0.0,1.0
1021,5,1,4,1,0,1,0,1021,1330,79.94,10,11,0.2857142857142857,0.0,0.0,1.0
1022,5,2,4,1,0,1,0,1022,1390,79.94,10,11,0.5,1.0,1.0,1.0
1023,5,3,4,1,0,1,0,1023,1450,79.94,10,11,0.7142857142857143,1.0,1.0,1.0
1024,5,4,4,1,0,1,0,1024,1510,79.94,10,11,0.9285714285714286,1.0,1.0,1.0
1025,5,5,4,1,0,1,0,1025,1570,79.94,11,12,0.125,0.0,0.0,1.0
1026,5,0,4,1,0,1,1,1026,2370,179.93,13,14,0.3902439024390244,0.0,0.0,1.0
1027,5,1,4,1,0,1,1,1027,2430,179.93,13,14,0.5365853658536586,1.0,0.0,1.0
1028,5,2,4,1,0,1,1,1028,2490,179.93,13,14,0.6829268292682927,1.0,1.0,1.0
1029,5,3,4,1,0,1,1,1029,2550,179.93,13,14,0.8292682926829268,1.0,1.0,1.0
1030,5,4,4,1,0,1,1,1030,2610,179.93,13,14,0.975609756097561,1.0,1.0,1.0
1031,5,5,4,1,0,1,1,1031,2670,179.93,14,15,0.10869565217391304,0.0,0.0,0.0
1032,5,0,4,1,1,0,0,1032,920,49.94,8,9,0.55,1.0,1.0,1.0
1033,5,1,4,1,1,0,0,1033,980,49.94,8,9,0.85,1.0,1.0,1.0
1034,5,2,4,1,1,0,0,1034,1040,49.94,9,10,0.125,0.0,0.0,1.0
1035,5,3,4,1,1,0,0,1035,1100,49.94,9,10,0.375,0.0,1.0,1.0
1036,5,4,4,1,1,0,0,1036,1160,49.94,9,10,0.625,1.0,1.0,1.0
1037,5,5,4,1,1,0,0,1037,1220,49.94,9,10,0.875,1.0,1.0,1.0
1038,5,0,4,1,1,0,1,1038,2020,149.93,12,13,0.4722222222222222,0.0,0.0,1.0
1039,5,1,4,1,1,0,1,1039,2080,149.93,12,13,0.6388888888888888,1.0,1.0,1.0
1040,5,2,4,1,1,0,1,1040,2140,149.93,12,13,0.8055555555555556,1.0,1.0,1.0
1041,5,3,4,1,1,0,1,1041,2200,149.93,12,13,0.9722222222222222,1.0,1.0,1.0
1042,5,4,4,1,1,0,1,1042,2260,149.93,13,14,0.12195121951219512,0.0,0.0,0.0
1043,5,5,4,1,1,0,1,1043,2320,149.93,13,14,0.2682926829268293,0.0,0.0,0.0
1044,5,0,4,1,1,1,0,1044,1570,99.93,11,12,0.125,0.0,0.0,1.0
1045,5,1,4,1,1,1,0,1045,1630,99.93,11,12,0.3125,0.0,0.0,1.0
1046,5,2,4,1,1,1,0,1046,1690,99.93,11,12,0.5,1.0,1.0,1.0
1047,5,3,4,1,1,1,0,1047,1750,99.93,11,12,0.6875,1.0,1.0,1.0
1048,5,4,4,1,1,1,0,1048,1810,99.93,11,12,0.875,1.0,1.0,1.0
1049,5,5,4,1,1,1,0,1049,1870,99.93,12,13,0.05555555555555555,0.0,0.0,0.0
1050,5,0,4,1,1,1,1,1050,2670,199.92000000000002,14,15,0.10869565217391304,0.0,0.0,0.0
1051,5,1,4,1,1,1,1,1051,2730,199.92000000000002,14,15,0.2391304347826087,0.0,0.0,0.0
1052,5,2,4,1,1,1,1,1052,2790,199.92000000000002,14,15,0.3695652173913043,0.0,0.0,1.0
1053,5,3,4,1,1,1,1,1053,2850,199.92000000000002,14,15,0.5,1.0,0.0,1.0
1054,5,4,4,1,1,1,1,1054,2910,199.92000000000002,14,15,0.6304347826086957,1.0,0.0,1.0
1055,5,5,4,1,1,1,1,1055,2970,199.92000000000002,14,15,0.7608695652173914,1.0,1.0,1.0
1056,5,0,4,2,0,0,0,1056,790,39.94,7,8,0.8823529411764706,1.0,1.0,1.0
1057,5,1,4,2,0,0,0,1057,850,39.94,8,9,0.2,0.0,1.0,1.0
1058,5,2,4,2,0,0,0,1058,910,39.94,8,9,0.5,1.0,1.0,1.0
1059,5,3,4,2,0,0,0,1059,970,39.94,8,9,0.8,1.0,1.0,1.0
1060,5,4,4,2,0,0,0,1060,1030,39.94,9,10,0.08333333333333333,0.0,0.0,1.0
1061,5,5,4,2,0,0,0,1061,1090,39.94,9,10,0.3333333333333333,0.0,1.0,1.0
1062,5,0,4,2,0,0,1,1062,1890,139.93,12,13,0.1111111111111111,0.0,0.0,0.0
1063,5,1,4,2,0,0,1,1063,1950,139.93,12,13,0.2777777777777778,0.0,0.0,1.0
1064,5,2,4,2,0,0,1,1064,2010,139.93,12,13,0.4444444444444444,0.0,0.0,1.0
1065,5,3,4,2,0,0,1,1065,2070,139.93,12,13,0.6111111111111112,1.0,1.0,1.0
1066,5,4,4,2,0,0,1,1066,2130,139.93,12,13,0.7777777777777778,1.0,1.0,1.0
1067,5,5,4,2,0,0,1,1067,2190,139.93,12,13,0.9444444444444444,1.0,1.0,1.0
1068,5,0,4,2,0,1,0,1068,1440,89.93,10,11,0.6785714285714286,1.0,1.0,1.0
1069,5,1,4,2,0,1,0,1069,1500,89.93,10,11,0.8928571428571429,1.0,1.0,1.0
1070,5,2,4,2,0,1,0,1070,1560,89.93,11,12,0.09375,0.0,0.0,1.0
1071,5,3,4,2,0,1,0,1071,1620,89.93,11,12,0.28125,0.0,0.0,1.0
1072,5,4,4,2,0,1,0,1072,1680,89.93,11,12,0.46875,0.0,0.0,1.0
1073,5,5,4,2,0,1,0,1073,1740,89.93,11,12,0.65625,1.0,1.0,1.0
1074,5,0,4,2,0,1,1,1074,2540,189.92000000000002,13,14,0.8048780487804879,1.0,1.0,1.0
1075,5,1,4,2,0,1,1,1075,2600,189.92000000000002,13,14,0.9512195121951219,1.0,1.0,1.0
1076,5,2,4,2,0,1,1,1076,2660,189.92000000000002,14,15,0.08695652173913043,0.0,0.0,0.0
1077,5,3,4,2,0,1,1,1077,2720,189.92000000000002,14,15,0.21739130434782608,0.0,0.0,0.0
1078,5,4,4,2,0,1,1,1078,2780,189.92000000000002,14,15,0.34782608695652173,0.0,0.0,0.0
1079,5,5,4,2,0,1,1,1079,2840,189.92000000000002,14,15,0.4782608695652174,0.0,0.0,1.0
1080,5,0,4,2,1,0,0,1080,1090,59.92999999999999,9,10,0.3333333333333333,0.0,1.0,1.0
1081,5,1,4,2,1,0,0,1081,1150,59.92999999999999,9,10,0.5833333333333334,1.0,1.0,1.0
1082,5,2,4,2,1,0,0,1082,1210,59.92999999999999,9,10,0.8333333333333334,1.0,1.0,1.0
1083,5,3,4,2,1,0,0,1083,1270,59.92999999999999,10,11,0.07142857142857142,0.0,0.0,1.0
1084,5,4,4,2,1,0,0,1084,1330,59.92999999999999,10,11,0.2857142857142857,0.0,0.0,1.0
1085,5,5,4,2,1,0,0,1085,1390,59.92999999999999,10,11,0.5,1.0,1.0,1.0
1086,5,0,4,2,1,0,1,1086,2190,159.92,12,13,0.9444444444444444,1.0,1.0,1.0
1087,5,1,4,2,1,0,1,1087,2250,159.92,13,14,0.0975609756097561,0.0,0.0,0.0
1088,5,2,4,2,1,0,1,1088,2310,159.92,13,14,0.24390243902439024,0.0,0.0,0.0
1089,5,3,4,2,1,0,1,1089,2370,159.92,13,14,0.3902439024390244,0.0,0.0,1.0
1090,5,4,4,2,1,0,1,1090,2430,159.92,13,14,0.5365853658536586,1.0,0.0,1.0
1091,5,5,4,2,1,0,1,1091,2490,159.92,13,14,0.6829268292682927,1.0,1.0,1.0
1092,5,0,4,2,1,1,0,1092,1740,109.91999999999999,11,12,0.65625,1.0,1.0,1.0
1093,5,1,4,2,1,1,0,1093,1800,109.91999999999999,11,12,0.84375,1.0,1.0,1.0
1094,5,2,4,2,1,1,0,1094,1860,109.91999999999999,12,13,0.027777777777777776,0.0,0.0,0.0
1095,5,3,4,2,1,1,0,1095,1920,109.91999999999999,12,13,0.19444444444444445,0.0,0.0,1.0
1096,5,4,4,2,1,1,0,1096,1980,109.91999999999999,12,13,0.3611111111111111,0.0,0.0,1.0
1097,5,5,4,2,1,1,0,1097,2040,109.91999999999999,12,13,0.5277777777777778,1.0,0.0,1.0
1098,5,0,4,2,1,1,1,1098,2840,209.90999999999997,14,15,0.4782608695652174,0.0,0.0,1.0
1099,5,1,4,2,1,1,1,1099,2900,209.90999999999997,14,15,0.6086956521739131,1.0,0.0,1.0
1100,5,2,4,2,1,1,1,1100,2960,209.90999999999997,14,15,0.7391304347826086,1.0,1.0,1.0
1101,5,3,4,2,1,1,1,1101,3020,209.90999999999997,14,15,0.8695652173913043,1.0,1.0,1.0
1102,5,4,4,2,1,1,1,1102,3080,209.90999999999997,14,15,1.0,1.0,1.0,1.0
1103,5,5,4,2,1,1,1,1103,3140,209.90999999999997,15,16,0.11538461538461539,0.0,0.0,0.0
1104,5,0,4,3,0,0,0,1104,960,49.93,8,9,0.75,1.0,1.0,1.0
1105,5,1,4,3,0,0,0,1105,1020,49.93,9,10,0.041666666666666664,0.0,0.0,1.0
1106,5,2,4,3,0,0,0,1106,1080,49.93,9,10,0.2916666666666667,0.0,0.0,1.0
1107,5,3,4,3,0,0,0,1107,1140,49.93,9,10,0.5416666666666666,1.0,1.0,1.0
1108,5,4,4,3,0,0,0,1108,1200,49.93,9,10,0.7916666666666666,1.0,1.0,1.0
1109,5,5,4,3,0,0,0,1109,1260,49.93,10,11,0.03571428571428571,0.0,0.0,1.0
1110,5,0,4,3,0,0,1,1110,2060,149.92,12,13,0.5833333333333334,1.0,1.0,1.0
1111,5,1,4,3,0,0,1,1111,2120,149.92,12,13,0.75,1.0,1.0,1.0
1112,5,2,4,3,0,0,1,1112,2180,149.92,12,13,0.9166666666666666,1.0,1.0,1.0
1113,5,3,4,3,0,0,1,1113,2240,149.92,13,14,0.07317073170731707,0.0,0.0,0.0
1114,5,4,4,3,0,0,1,1114,2300,149.92,13,14,0.21951219512195122,0.0,0.0,0.0
1115,5,5,4,3,0,0,1,1115,2360,149.92,13,14,0.36585365853658536,0.0,0.0,1.0
1116,5,0,4,3,0,1,0,1116,1610,99.92,11,12,0.25,0.0,0.0,1.0
1117,5,1,4,3,0,1,0,1117,1670,99.92,11,12,0.4375,0.0,0.0,1.0
1118,5,2,4,3,0,1,0,1118,1730,99.92,11,12,0.625,1.0,1.0,1.0
1119,5,3,4,3,0,1,0,1119,1790,99.92,11,12,0.8125,1.0,1.0,1.0
1120,5,4,4,3,0,1,0,1120,1850,99.92,11,12,1.0,1.0,1.0,1.0
1121,5,5,4,3,0,1,0,1121,1910,99.92,12,13,0.16666666666666666,0.0,0.0,0.0
1122,5,0,4,3,0,1,1,1122,2710,199.91,14,15,0.1956521739130435,0.0,0.0,0.0
1123,5,1,4,3,0,1,1,1123,2770,199.91,14,15,0.32608695652173914,0.0,0.0,0.0
1124,5,2,4,3,0,1,1,1124,2830,199.91,14,15,0.45652173913043476,0.0,0.0,1.0
1125,5,3,4,3,0,1,1,1125,2890,199.91,14,15,0.5869565217391305,1.0,0.0,1.0
1126,5,4,4,3,0,1,1,1126,2950,199.91,14,15,0.717391304347826,1.0,1.0,1.0
1127,5,5,4,3,0,1,1,1127,3010,199.91,14,15,0.8478260869565217,1.0,1.0,1.0
1128,5,0,4,3,1,0,0,1128,1260,69.92,10,11,0.03571428571428571,0.0,0.0,1.0
1129,5,1,4,3,1,0,0,1129,1320,69.92,10,11,0.25,0.0,0.0,1.0
1130,5,2,4,3,1,0,0,1130,1380,69.92,10,11,0.4642857142857143,0.0,1.0,1.0
1131,5,3,4,3,1,0,0,1131,1440,69.92,10,11,0.6785714285714286,1.0,1.0,1.0
1132,5,4,4,3,1,0,0,1132,1500,69.92,10,11,0.8928571428571429,1.0,1.0,1.0
1133,5,5,4,3,1,0,0,1133,1560,69.92,11,12,0.09375,0.0,0.0,1.0
1134,5,0,4,3,1,0,1,1134,2360,169.91,13,14,0.36585365853658536,0.0,0.0,1.0
1135,5,1,4,3,1,0,1,1135,2420,169.91,13,14,0.5121951219512195,1.0,0.0,1.0
1136,5,2,4,3,1,0,1,1136,2480,169.91,13,14,0.6585365853658537,1.0,1.0,1.0
1137,5,3,4,3,1,0,1,1137,2540,169.91,13,14,0.8048780487804879,1.0,1.0,1.0
1138,5,4,4,3,1,0,1,1138,2600,169.91,13,14,0.9512195121951219,1.0,1.0,1.0
1139,5,5,4,3,1,0,1,1139,2660,169.91,14,15,0.08695652173913043,0.0,0.0,0.0
1140,5,0,4,3,1,1,0,1140,1910,119.91,12,13,0.16666666666666666,0.0,0.0,0.0
1141,5,1,4,3,1,1,0,1141,1970,119.91,12,13,0.3333333333333333,0.0,0.0,1.0
1142,5,2,4,3,1,1,0,1142,2030,119.91,12,13,0.5,1.0,0.0,1.0
1143,5,3,4,3,1,1,0,1143,2090,119.91,12,13,0.6666666666666666,1.0,1.0,1.0
1144,5,4,4,3,1,1,0,1144,2150,119.91,12,13,0.8333333333333334,1.0,1.0,1.0
1145,5,5,4,3,1,1,0,1145,2210,119.91,12,13,1.0,1.0,1.0,1.0
1146,5,0,4,3,1,1,1,1146,3010,219.89999999999998,14,15,0.8478260869565217,1.0,1.0,1.0
1147,5,1,4,3,1,1,1,1147,3070,219.89999999999998,14,15,0.9782608695652174,1.0,1.0,1.0
1148,5,2,4,3,1,1,1,1148,3130,219.89999999999998,15,16,0.09615384615384616,0.0,0.0,0.0
1149,5,3,4,3,1,1,1,1149,3190,219.89999999999998,15,16,0.21153846153846154,0.0,0.0,0.0
1150,5,4,4,3,1,1,1,1150,3250,219.89999999999998,15,16,0.3269230769230769,0.0,0.0,0.0
1151,5,5,4,3,1,1,1,1151,3310,219.89999999999998,15,16,0.4423076923076923,0.0,0.0,1.0
1152,5,0,4,4,0,0,0,1152,1130,59.92,9,10,0.5,1.0,1.0,1.0
1153,5,1,4,4,0,0,0,1153,1190,59.92,9,10,0.75,1.0,1.0,1.0
1154,5,2,4,4,0,0,0,1154,1250,59.92,9,10,1.0,1.0,1.0,1.0
1155,5,3,4,4,0,0,0,1155,1310,59.92,10,11,0.21428571428571427,0.0,0.0,1.0
1156,5,4,4,4,0,0,0,1156,1370,59.92,10,11,0.42857142857142855,0.0,1.0,1.0
1157,5,5,4,4,0,0,0,1157,1430,59.92,10,11,0.6428571428571429,1.0,1.0,1.0
1158,5,0,4,4,0,0,1,1158,2230,159.91,13,14,0.04878048780487805,0.0,0.0,0.0
1159,5,1,4,4,0,0,1,1159,2290,159.91,13,14,0.1951219512195122,0.0,0.0,0.0
1160,5,2,4,4,0,0,1,1160,2350,159.91,13,14,0.34146341463414637,0.0,0.0,1.0
1161,5,3,4,4,0,0,1,1161,2410,159.91,13,14,0.4878048780487805,0.0,0.0,1.0
1162,5,4,4,4,0,0,1,1162,2470,159.91,13,14,0.6341463414634146,1.0,1.0,1.0
1163,5,5,4,4,0,0,1,1163,2530,159.91,13,14,0.7804878048780488,1.0,1.0,1.0
1164,5,0,4,4,0,1,0,1164,1780,109.91,11,12,0.78125,1.0,1.0,1.0
1165,5,1,4,4,0,1,0,1165,1840,109.91,11,12,0.96875,1.0,1.0,1.0
1166,5,2,4,4,0,1,0,1166,1900,109.91,12,13,0.1388888888888889,0.0,0.0,0.0
1167,5,3,4,4,0,1,0,1167,1960,109.91,12,13,0.3055555555555556,0.0,0.0,1.0
1168,5,4,4,4,0,1,0,1168,2020,109.91,12,13,0.4722222222222222,0.0,0.0,1.0
1169,5,5,4,4,0,1,0,1169,2080,109.91,12,13,0.6388888888888888,1.0,1.0,1.0
1170,5,0,4,4,0,1,1,1170,2880,209.89999999999998,14,15,0.5652173913043478,1.0,0.0,1.0
1171,5,1,4,4,0,1,1,1171,2940,209.89999999999998,14,15,0.6956521739130435,1.0,1.0,1.0
1172,5,2,4,4,0,1,1,1172,3000,209.89999999999998,14,15,0.8260869565217391,1.0,1.0,1.0
1173,5,3,4,4,0,1,1,1173,3060,209.89999999999998,14,15,0.9565217391304348,1.0,1.0,1.0
1174,5,4,4,4,0,1,1,1174,3120,209.89999999999998,15,16,0.07692307692307693,0.0,0.0,0.0
1175,5,5,4,4,0,1,1,1175,3180,209.89999999999998,15,16,0.19230769230769232,0.0,0.0,0.0
1176,5,0,4,4,1,0,0,1176,1430,79.91,10,11,0.6428571428571429,1.0,1.0,1.0
1177,5,1,4,4,1,0,0,1177,1490,79.91,10,11,0.8571428571428571,1.0,1.0,1.0
1178,5,2,4,4,1,0,0,1178,1550,79.91,11,12,0.0625,0.0,0.0,0.0
1179,5,3,4,4,1,0,0,1179,1610,79.91,11,12,0.25,0.0,0.0,1.0
1180,5,4,4,4,1,0,0,1180,1670,79.91,11,12,0.4375,0.0,0.0,1.0
1181,5,5,4,4,1,0,0,1181,1730,79.91,11,12,0.625,1.0,1.0,1.0
1182,5,0,4,4,1,0,1,1182,2530,179.89999999999998,13,14,0.7804878048780488,1.0,1.0,1.0
1183,5,1,4,4,1,0,1,1183,2590,179.89999999999998,13,14,0.926829268292683,1.0,1.0,1.0
1184,5,2,4,4,1,0,1,1184,2650,179.89999999999998,14,15,0.06521739130434782,0.0,0.0,0.0
1185,5,3,4,4,1,0,1,1185,2710,179.89999999999998,14,15,0.1956521739130435,0.0,0.0,0.0
1186,5,4,4,4,1,0,1,1186,2770,179.89999999999998,14,15,0.32608695652173914,0.0,0.0,0.0
1187,5,5,4,4,1,0,1,1187,2830,179.89999999999998,14,15,0.45652173913043476,0.0,0.0,1.0
1188,5,0,4,4,1,1,0,1188,2080,129.9,12,13,0.6388888888888888,1.0,1.0,1.0
1189,5,1,4,4,1,1,0,1189,2140,129.9,12,13,0.8055555555555556,1.0,1.0,1.0
1190,5,2,4,4,1,1,0,1190,2200,129.9,12,13,0.9722222222222222,1.0,1.0,1.0
1191,5,3,4,4,1,1,0,1191,2260,129.9,13,14,0.12195121951219512,0.0,0.0,0.0
1192,5,4,4,4,1,1,0,1192,2320,129.9,13,14,0.2682926829268293,0.0,0.0,0.0
1193,5,5,4,4,1,1,0,1193,2380,129.9,13,14,0.4146341463414634,0.0,0.0,1.0
1194,5,0,4,4,1,1,1,1194,3180,229.89,15,16,0.19230769230769232,0.0,0.0,0.0
1195,5,1,4,4,1,1,1,1195,3240,229.89,15,16,0.3076923076923077,0.0,0.0,0.0
1196,5,2,4,4,1,1,1,1196,3300,229.89,15,16,0.4230769230769231,0.0,0.0,0.0
1197,5,3,4,4,1,1,1,1197,3360,229.89,15,16,0.5384615384615384,1.0,0.0,1.0
1198,5,4,4,4,1,1,1,1198,3420,229.89,15,16,0.6538461538461539,1.0,0.0,1.0
1199,5,5,4,4,1,1,1,1199,3480,229.89,15,16,0.7692307692307693,1.0,1.0,1.0
