1207,12,tournament,5,7,2,3348,118000
1207,12,tournament,5,7,3,65923,118000
1207,12,tournament,5,7,4,39219,118000
1207,12,tournament,5,7,5,7828,118000
1207,12,tournament,5,7,6,1682,118000
1209,12,tournament,5,10,2,4676,106252
1209,12,tournament,5,10,3,68612,106252
1209,12,tournament,5,10,4,29095,106252
1209,12,tournament,5,10,5,3343,106252
1209,12,tournament,5,10,6,526,106252
1211,12,tournament,5,13,2,2793,15602
1211,12,tournament,5,13,3,10018,15602
1211,12,tournament,5,13,4,2289,15602
1211,12,tournament,5,13,5,409,15602
1211,12,tournament,5,13,6,93,15602
1503,15,tournament,4,7,1,532,146690
1503,15,tournament,4,7,2,61259,146690
1503,15,tournament,4,7,3,80915,146690
1503,15,tournament,4,7,4,3720,146690
1503,15,tournament,4,7,5,224,146690
1503,15,tournament,4,7,6,40,146690
1507,15,tournament,4,10,1,606,125400
1507,15,tournament,4,10,2,66959,125400
1507,15,tournament,4,10,3,56365,125400
1507,15,tournament,4,10,4,1353,125400
1507,15,tournament,4,10,5,94,125400
1507,15,tournament,4,10,6,23,125400
1510,15,tournament,4,13,1,315,22800
1510,15,tournament,4,13,2,14951,22800
1510,15,tournament,4,13,3,7237,22800
1510,15,tournament,4,13,4,272,22800
1510,15,tournament,4,13,5,22,22800
1510,15,tournament,4,13,6,3,22800
2503,25,tournament,3,7,1,5799,141032
2503,25,tournament,3,7,2,73940,141032
2503,25,tournament,3,7,3,59863,141032
2503,25,tournament,3,7,4,1321,141032
2503,25,tournament,3,7,5,85,141032
2503,25,tournament,3,7,6,24,141032
2507,25,tournament,3,10,1,3876,117484
2507,25,tournament,3,10,2,76813,117484
2507,25,tournament,3,10,3,35905,117484
2507,25,tournament,3,10,4,827,117484
2507,25,tournament,3,10,5,53,117484
2507,25,tournament,3,10,6,10,117484
2510,25,tournament,3,13,1,1342,16739
2510,25,tournament,3,13,2,13451,16739
2510,25,tournament,3,13,3,1867,16739
2510,25,tournament,3,13,4,73,16739
2510,25,tournament,3,13,5,5,16739
2510,25,tournament,3,13,6,1,16739
17705,177,tournament,5,7,2,6432,129483
17705,177,tournament,5,7,3,57774,129483
17705,177,tournament,5,7,4,58280,129483
17705,177,tournament,5,7,5,6577,129483
17705,177,tournament,5,7,6,420,129483
17707,177,tournament,5,10,1,1,109761
17707,177,tournament,5,10,2,10824,109761
17707,177,tournament,5,10,3,60307,109761
17707,177,tournament,5,10,4,37337,109761
17707,177,tournament,5,10,5,1245,109761
17707,177,tournament,5,10,6,47,109761
17710,177,tournament,5,13,2,4633,16132
17710,177,tournament,5,13,3,9498,16132
17710,177,tournament,5,13,4,1957,16132
17710,177,tournament,5,13,5,36,16132
17710,177,tournament,5,13,6,8,16132
17805,178,tournament,5,7,2,3216,127800
17805,178,tournament,5,7,3,56044,127800
17805,178,tournament,5,7,4,59996,127800
17805,178,tournament,5,7,5,7969,127800
17805,178,tournament,5,7,6,575,127800
17807,178,tournament,5,10,2,4070,110262
17807,178,tournament,5,10,3,59819,110262
17807,178,tournament,5,10,4,43461,110262
17807,178,tournament,5,10,5,2700,110262
17807,178,tournament,5,10,6,212,110262
17810,178,tournament,5,13,2,1592,16205
17810,178,tournament,5,13,3,11170,16205
17810,178,tournament,5,13,4,3249,16205
17810,178,tournament,5,13,5,183,16205
17810,178,tournament,5,13,6,11,16205
100201,1002,tournament,4,7,1,910,159954
100201,1002,tournament,4,7,2,80255,159954
100201,1002,tournament,4,7,3,75059,159954
100201,1002,tournament,4,7,4,3536,159954
100201,1002,tournament,4,7,5,170,159954
100201,1002,tournament,4,7,6,24,159954
100207,1002,tournament,4,10,1,420,131515
100207,1002,tournament,4,10,2,76185,131515
100207,1002,tournament,4,10,3,53820,131515
100207,1002,tournament,4,10,4,1014,131515
100207,1002,tournament,4,10,5,63,131515
100207,1002,tournament,4,10,6,13,131515
100210,1002,tournament,4,13,1,132,24202
100210,1002,tournament,4,13,2,15880,24202
100210,1002,tournament,4,13,3,7909,24202
100210,1002,tournament,4,13,4,269,24202
100210,1002,tournament,4,13,5,7,24202
100210,1002,tournament,4,13,6,5,24202
100301,1003,tournament,3,7,0,1,163090
100301,1003,tournament,3,7,1,9075,163090
100301,1003,tournament,3,7,2,114280,163090
100301,1003,tournament,3,7,3,38926,163090
100301,1003,tournament,3,7,4,724,163090
100301,1003,tournament,3,7,5,58,163090
100301,1003,tournament,3,7,6,26,163090
100307,1003,tournament,3,10,1,3231,134305
100307,1003,tournament,3,10,2,113032,134305
100307,1003,tournament,3,10,3,17685,134305
100307,1003,tournament,3,10,4,318,134305
100307,1003,tournament,3,10,5,28,134305
100307,1003,tournament,3,10,6,11,134305
100310,1003,tournament,3,13,1,1095,24101
100310,1003,tournament,3,13,2,20150,24101
100310,1003,tournament,3,13,3,2786,24101
100310,1003,tournament,3,13,4,66,24101
100310,1003,tournament,3,13,5,2,24101
100310,1003,tournament,3,13,6,2,24101
100401,1004,tournament,5,7,1,29,152604
100401,1004,tournament,5,7,2,36178,152604
100401,1004,tournament,5,7,3,101195,152604
100401,1004,tournament,5,7,4,14624,152604
100401,1004,tournament,5,7,5,522,152604
100401,1004,tournament,5,7,6,56,152604
100407,1004,tournament,5,10,1,5,128939
100407,1004,tournament,5,10,2,20616,128939
100407,1004,tournament,5,10,3,87711,128939
100407,1004,tournament,5,10,4,18747,128939
100407,1004,tournament,5,10,5,1725,128939
100407,1004,tournament,5,10,6,135,128939
100410,1004,tournament,5,13,2,5691,23177
100410,1004,tournament,5,13,3,14171,23177
100410,1004,tournament,5,13,4,3043,23177
100410,1004,tournament,5,13,5,251,23177
100410,1004,tournament,5,13,6,21,23177
100501,1005,tournament,4,7,1,186,158415
100501,1005,tournament,4,7,2,36990,158415
100501,1005,tournament,4,7,3,92339,158415
100501,1005,tournament,4,7,4,25195,158415
100501,1005,tournament,4,7,5,3073,158415
100501,1005,tournament,4,7,6,632,158415
100507,1005,tournament,4,10,1,205,130483
100507,1005,tournament,4,10,2,40131,130483
100507,1005,tournament,4,10,3,78732,130483
100507,1005,tournament,4,10,4,9856,130483
100507,1005,tournament,4,10,5,1326,130483
100507,1005,tournament,4,10,6,233,130483
100510,1005,tournament,4,13,1,156,23876
100510,1005,tournament,4,13,2,13866,23876
100510,1005,tournament,4,13,3,8299,23876
100510,1005,tournament,4,13,4,1245,23876
100510,1005,tournament,4,13,5,244,23876
100510,1005,tournament,4,13,6,66,23876
100602,1006,tournament,3,7,1,5443,160599
100602,1006,tournament,3,7,2,111677,160599
100602,1006,tournament,3,7,3,42725,160599
100602,1006,tournament,3,7,4,653,160599
100602,1006,tournament,3,7,5,79,160599
100602,1006,tournament,3,7,6,22,160599
100607,1006,tournament,3,10,1,2877,134600
100607,1006,tournament,3,10,2,103806,134600
100607,1006,tournament,3,10,3,27402,134600
100607,1006,tournament,3,10,4,465,134600
100607,1006,tournament,3,10,5,39,134600
100607,1006,tournament,3,10,6,11,134600
100610,1006,tournament,3,13,1,1208,24256
100610,1006,tournament,3,13,2,19351,24256
100610,1006,tournament,3,13,3,3626,24256
100610,1006,tournament,3,13,4,64,24256
100610,1006,tournament,3,13,5,6,24256
100610,1006,tournament,3,13,6,1,24256
100702,1007,tournament,5,7,1,2,149135
100702,1007,tournament,5,7,2,10253,149135
100702,1007,tournament,5,7,3,107157,149135
100702,1007,tournament,5,7,4,28233,149135
100702,1007,tournament,5,7,5,3186,149135
100702,1007,tournament,5,7,6,304,149135
100707,1007,tournament,5,10,1,1,125828
100707,1007,tournament,5,10,2,10926,125828
100707,1007,tournament,5,10,3,78045,125828
100707,1007,tournament,5,10,4,33467,125828
100707,1007,tournament,5,10,5,3152,125828
100707,1007,tournament,5,10,6,237,125828
100710,1007,tournament,5,13,1,3,22718
100710,1007,tournament,5,13,2,5019,22718
100710,1007,tournament,5,13,3,13351,22718
100710,1007,tournament,5,13,4,3960,22718
100710,1007,tournament,5,13,5,358,22718
100710,1007,tournament,5,13,6,27,22718
100807,1008,tournament,5,7,1,43,122106
100807,1008,tournament,5,7,2,8597,122106
100807,1008,tournament,5,7,3,49426,122106
100807,1008,tournament,5,7,4,49936,122106
100807,1008,tournament,5,7,5,11930,122106
100807,1008,tournament,5,7,6,2174,122106
100809,1008,tournament,5,10,2,7070,108097
100809,1008,tournament,5,10,3,56294,108097
100809,1008,tournament,5,10,4,35608,108097
100809,1008,tournament,5,10,5,8039,108097
100809,1008,tournament,5,10,6,1086,108097
100811,1008,tournament,5,13,1,1,15769
100811,1008,tournament,5,13,2,3059,15769
100811,1008,tournament,5,13,3,9009,15769
100811,1008,tournament,5,13,4,2967,15769
100811,1008,tournament,5,13,5,641,15769
100811,1008,tournament,5,13,6,92,15769
101303,1013,tournament,5,7,1,2,135378
101303,1013,tournament,5,7,2,17635,135378
101303,1013,tournament,5,7,3,86191,135378
101303,1013,tournament,5,7,4,29227,135378
101303,1013,tournament,5,7,5,2196,135378
101303,1013,tournament,5,7,6,127,135378
101307,1013,tournament,5,10,2,3623,114407
101307,1013,tournament,5,10,3,59557,114407
101307,1013,tournament,5,10,4,47386,114407
101307,1013,tournament,5,10,5,3631,114407
101307,1013,tournament,5,10,6,210,114407
101310,1013,tournament,5,13,1,22,16201
101310,1013,tournament,5,13,2,3536,16201
101310,1013,tournament,5,13,3,10817,16201
101310,1013,tournament,5,13,4,1745,16201
101310,1013,tournament,5,13,5,69,16201
101310,1013,tournament,5,13,6,12,16201
101405,1014,tournament,3,7,1,5052,129326
101405,1014,tournament,3,7,2,91380,129326
101405,1014,tournament,3,7,3,31387,129326
101405,1014,tournament,3,7,4,1383,129326
101405,1014,tournament,3,7,5,110,129326
101405,1014,tournament,3,7,6,14,129326
101407,1014,tournament,3,10,1,4714,113969
101407,1014,tournament,3,10,2,82628,113969
101407,1014,tournament,3,10,3,24611,113969
101407,1014,tournament,3,10,4,1915,113969
101407,1014,tournament,3,10,5,74,113969
101407,1014,tournament,3,10,6,27,113969
101410,1014,tournament,3,13,1,1753,16409
101410,1014,tournament,3,13,2,13108,16409
101410,1014,tournament,3,13,3,1459,16409
101410,1014,tournament,3,13,4,78,16409
101410,1014,tournament,3,13,5,10,16409
101410,1014,tournament,3,13,6,1,16409
101606,1016,tournament,5,7,2,3450,124055
101606,1016,tournament,5,7,3,54642,124055
101606,1016,tournament,5,7,4,53285,124055
101606,1016,tournament,5,7,5,10365,124055
101606,1016,tournament,5,7,6,2313,124055
101608,1016,tournament,5,10,2,7801,108834
101608,1016,tournament,5,10,3,73105,108834
101608,1016,tournament,5,10,4,24696,108834
101608,1016,tournament,5,10,5,2836,108834
101608,1016,tournament,5,10,6,396,108834
101611,1016,tournament,5,13,2,4334,15590
101611,1016,tournament,5,13,3,10215,15590
101611,1016,tournament,5,13,4,898,15590
101611,1016,tournament,5,13,5,120,15590
101611,1016,tournament,5,13,6,23,15590
101704,1017,tournament,5,7,2,12174,132928
101704,1017,tournament,5,7,3,88770,132928
101704,1017,tournament,5,7,4,30065,132928
101704,1017,tournament,5,7,5,1813,132928
101704,1017,tournament,5,7,6,106,132928
101707,1017,tournament,5,10,1,1,112025
101707,1017,tournament,5,10,2,17788,112025
101707,1017,tournament,5,10,3,79721,112025
101707,1017,tournament,5,10,4,14075,112025
101707,1017,tournament,5,10,5,414,112025
101707,1017,tournament,5,10,6,26,112025
101710,1017,tournament,5,13,1,1,16033
101710,1017,tournament,5,13,2,5883,16033
101710,1017,tournament,5,13,3,9348,16033
101710,1017,tournament,5,13,4,772,16033
101710,1017,tournament,5,13,5,25,16033
101710,1017,tournament,5,13,6,4,16033
101802,1018,tournament,5,7,1,26,146092
101802,1018,tournament,5,7,2,17654,146092
101802,1018,tournament,5,7,3,88216,146092
101802,1018,tournament,5,7,4,36844,146092
101802,1018,tournament,5,7,5,3103,146092
101802,1018,tournament,5,7,6,249,146092
101807,1018,tournament,5,10,1,18,125396
101807,1018,tournament,5,10,2,18272,125396
101807,1018,tournament,5,10,3,75786,125396
101807,1018,tournament,5,10,4,25954,125396
101807,1018,tournament,5,10,5,5033,125396
101807,1018,tournament,5,10,6,333,125396
101810,1018,tournament,5,13,1,3,22747
101810,1018,tournament,5,13,2,3544,22747
101810,1018,tournament,5,13,3,13717,22747
101810,1018,tournament,5,13,4,4740,22747
101810,1018,tournament,5,13,5,686,22747
101810,1018,tournament,5,13,6,57,22747
101906,1019,tournament,4,7,1,94,123774
101906,1019,tournament,4,7,2,38774,123774
101906,1019,tournament,4,7,3,74427,123774
101906,1019,tournament,4,7,4,9678,123774
101906,1019,tournament,4,7,5,720,123774
101906,1019,tournament,4,7,6,81,123774
101908,1019,tournament,4,10,1,95,109137
101908,1019,tournament,4,10,2,50194,109137
101908,1019,tournament,4,10,3,54223,109137
101908,1019,tournament,4,10,4,4365,109137
101908,1019,tournament,4,10,5,223,109137
101908,1019,tournament,4,10,6,37,109137
101911,1019,tournament,4,13,1,73,16164
101911,1019,tournament,4,13,2,12943,16164
101911,1019,tournament,4,13,3,2937,16164
101911,1019,tournament,4,13,4,189,16164
101911,1019,tournament,4,13,5,18,16164
101911,1019,tournament,4,13,6,4,16164
102303,1023,tournament,3,7,1,8251,145315
102303,1023,tournament,3,7,2,99493,145315
102303,1023,tournament,3,7,3,36455,145315
102303,1023,tournament,3,7,4,973,145315
102303,1023,tournament,3,7,5,108,145315
102303,1023,tournament,3,7,6,35,145315
102307,1023,tournament,3,10,1,9568,126194
102307,1023,tournament,3,10,2,99930,126194
102307,1023,tournament,3,10,3,16154,126194
102307,1023,tournament,3,10,4,451,126194
102307,1023,tournament,3,10,5,70,126194
102307,1023,tournament,3,10,6,21,126194
102310,1023,tournament,3,13,1,4424,22508
102310,1023,tournament,3,13,2,15725,22508
102310,1023,tournament,3,13,3,2254,22508
102310,1023,tournament,3,13,4,89,22508
102310,1023,tournament,3,13,5,8,22508
102310,1023,tournament,3,13,6,8,22508
102405,1024,tournament,3,7,1,6733,132548
102405,1024,tournament,3,7,2,86667,132548
102405,1024,tournament,3,7,3,38339,132548
102405,1024,tournament,3,7,4,753,132548
102405,1024,tournament,3,7,5,46,132548
102405,1024,tournament,3,7,6,10,132548
102407,1024,tournament,3,10,1,9730,114025
102407,1024,tournament,3,10,2,89705,114025
102407,1024,tournament,3,10,3,14337,114025
102407,1024,tournament,3,10,4,225,114025
102407,1024,tournament,3,10,5,19,114025
102407,1024,tournament,3,10,6,9,114025
102410,1024,tournament,3,13,1,4345,16483
102410,1024,tournament,3,13,2,11524,16483
102410,1024,tournament,3,13,3,594,16483
102410,1024,tournament,3,13,4,16,16483
102410,1024,tournament,3,13,5,3,16483
102410,1024,tournament,3,13,6,1,16483
102604,1026,tournament,5,7,1,1,131389
102604,1026,tournament,5,7,2,10181,131389
102604,1026,tournament,5,7,3,84113,131389
102604,1026,tournament,5,7,4,33805,131389
102604,1026,tournament,5,7,5,3100,131389
102604,1026,tournament,5,7,6,189,131389
102607,1026,tournament,5,10,2,15206,110901
102607,1026,tournament,5,10,3,81033,110901
102607,1026,tournament,5,10,4,14077,110901
102607,1026,tournament,5,10,5,546,110901
102607,1026,tournament,5,10,6,39,110901
102610,1026,tournament,5,13,1,9,15851
102610,1026,tournament,5,13,2,6077,15851
102610,1026,tournament,5,13,3,9058,15851
102610,1026,tournament,5,13,4,675,15851
102610,1026,tournament,5,13,5,28,15851
102610,1026,tournament,5,13,6,4,15851
102704,1027,tournament,3,7,1,8080,136583
102704,1027,tournament,3,7,2,66572,136583
102704,1027,tournament,3,7,3,60447,136583
102704,1027,tournament,3,7,4,1400,136583
102704,1027,tournament,3,7,5,74,136583
102704,1027,tournament,3,7,6,10,136583
102707,1027,tournament,3,10,1,11518,115469
102707,1027,tournament,3,10,2,72863,115469
102707,1027,tournament,3,10,3,30440,115469
102707,1027,tournament,3,10,4,594,115469
102707,1027,tournament,3,10,5,47,115469
102707,1027,tournament,3,10,6,7,115469
102710,1027,tournament,3,13,1,4546,16530
102710,1027,tournament,3,13,2,10650,16530
102710,1027,tournament,3,13,3,1292,16530
102710,1027,tournament,3,13,4,35,16530
102710,1027,tournament,3,13,5,6,16530
102710,1027,tournament,3,13,6,1,16530
102806,1028,tournament,3,7,1,1777,131180
102806,1028,tournament,3,7,2,69988,131180
102806,1028,tournament,3,7,3,54534,131180
102806,1028,tournament,3,7,4,4553,131180
102806,1028,tournament,3,7,5,293,131180
102806,1028,tournament,3,7,6,35,131180
102808,1028,tournament,3,10,1,776,115746
102808,1028,tournament,3,10,2,68660,115746
102808,1028,tournament,3,10,3,44498,115746
102808,1028,tournament,3,10,4,1702,115746
102808,1028,tournament,3,10,5,97,115746
102808,1028,tournament,3,10,6,13,115746
102811,1028,tournament,3,13,1,278,16611
102811,1028,tournament,3,13,2,13207,16611
102811,1028,tournament,3,13,3,3047,16611
102811,1028,tournament,3,13,4,70,16611
102811,1028,tournament,3,13,5,7,16611
102811,1028,tournament,3,13,6,2,16611
103204,1032,tournament,3,7,1,4296,136286
103204,1032,tournament,3,7,2,83688,136286
103204,1032,tournament,3,7,3,47499,136286
103204,1032,tournament,3,7,4,726,136286
103204,1032,tournament,3,7,5,57,136286
103204,1032,tournament,3,7,6,20,136286
103207,1032,tournament,3,10,1,3393,116571
103207,1032,tournament,3,10,2,83202,116571
103207,1032,tournament,3,10,3,29630,116571
103207,1032,tournament,3,10,4,306,116571
103207,1032,tournament,3,10,5,35,116571
103207,1032,tournament,3,10,6,5,116571
103210,1032,tournament,3,13,1,1284,16655
103210,1032,tournament,3,13,2,13846,16655
103210,1032,tournament,3,13,3,1498,16655
103210,1032,tournament,3,13,4,23,16655
103210,1032,tournament,3,13,5,2,16655
103210,1032,tournament,3,13,6,2,16655
103505,1035,tournament,4,7,1,1802,128647
103505,1035,tournament,4,7,2,53829,128647
103505,1035,tournament,4,7,3,67420,128647
103505,1035,tournament,4,7,4,5207,128647
103505,1035,tournament,4,7,5,353,128647
103505,1035,tournament,4,7,6,36,128647
103507,1035,tournament,4,10,1,2134,111066
103507,1035,tournament,4,10,2,68860,111066
103507,1035,tournament,4,10,3,38851,111066
103507,1035,tournament,4,10,4,1154,111066
103507,1035,tournament,4,10,5,55,111066
103507,1035,tournament,4,10,6,12,111066
103510,1035,tournament,4,13,1,917,16240
103510,1035,tournament,4,13,2,12805,16240
103510,1035,tournament,4,13,3,2435,16240
103510,1035,tournament,4,13,4,77,16240
103510,1035,tournament,4,13,5,5,16240
103510,1035,tournament,4,13,6,1,16240
104606,1046,tournament,4,7,1,429,127261
104606,1046,tournament,4,7,2,42917,127261
104606,1046,tournament,4,7,3,59334,127261
104606,1046,tournament,4,7,4,17693,127261
104606,1046,tournament,4,7,5,5091,127261
104606,1046,tournament,4,7,6,1797,127261
104608,1046,tournament,4,10,1,899,111068
104608,1046,tournament,4,10,2,56533,111068
104608,1046,tournament,4,10,3,42325,111068
104608,1046,tournament,4,10,4,8662,111068
104608,1046,tournament,4,10,5,2003,111068
104608,1046,tournament,4,10,6,646,111068
104611,1046,tournament,4,13,1,604,16301
104611,1046,tournament,4,13,2,12064,16301
104611,1046,tournament,4,13,3,2993,16301
104611,1046,tournament,4,13,4,526,16301
104611,1046,tournament,4,13,5,93,16301
104611,1046,tournament,4,13,6,21,16301
204806,2048,tournament,5,7,1,8,120346
204806,2048,tournament,5,7,2,19849,120346
204806,2048,tournament,5,7,3,63556,120346
204806,2048,tournament,5,7,4,25752,120346
204806,2048,tournament,5,7,5,9079,120346
204806,2048,tournament,5,7,6,2102,120346
204808,2048,tournament,5,10,1,12,105575
204808,2048,tournament,5,10,2,29402,105575
204808,2048,tournament,5,10,3,68947,105575
204808,2048,tournament,5,10,4,6192,105575
204808,2048,tournament,5,10,5,875,105575
204808,2048,tournament,5,10,6,147,105575
204811,2048,tournament,5,13,1,31,15120
204811,2048,tournament,5,13,2,9178,15120
204811,2048,tournament,5,13,3,5643,15120
204811,2048,tournament,5,13,4,232,15120
204811,2048,tournament,5,13,5,30,15120
204811,2048,tournament,5,13,6,6,15120
301009,3010,tournament,3,7,1,1465,111388
301009,3010,tournament,3,7,2,46494,111388
301009,3010,tournament,3,7,3,51035,111388
301009,3010,tournament,3,7,4,10603,111388
301009,3010,tournament,3,7,5,1573,111388
301009,3010,tournament,3,7,6,218,111388
301011,3010,tournament,3,10,1,4965,102959
301011,3010,tournament,3,10,2,61983,102959
301011,3010,tournament,3,10,3,33232,102959
301011,3010,tournament,3,10,4,2493,102959
301011,3010,tournament,3,10,5,241,102959
301011,3010,tournament,3,10,6,45,102959
301013,3010,tournament,3,13,1,4430,16003
301013,3010,tournament,3,13,2,10277,16003
301013,3010,tournament,3,13,3,1212,16003
301013,3010,tournament,3,13,4,78,16003
301013,3010,tournament,3,13,5,6,16003
301109,3011,tournament,5,7,1,3,105904
301109,3011,tournament,5,7,2,10573,105904
301109,3011,tournament,5,7,3,65844,105904
301109,3011,tournament,5,7,4,25514,105904
301109,3011,tournament,5,7,5,3454,105904
301109,3011,tournament,5,7,6,516,105904
301111,3011,tournament,5,10,1,5,97357
301111,3011,tournament,5,10,2,19376,97357
301111,3011,tournament,5,10,3,64816,97357
301111,3011,tournament,5,10,4,11826,97357
301111,3011,tournament,5,10,5,1165,97357
301111,3011,tournament,5,10,6,169,97357
301113,3011,tournament,5,13,1,1,14999
301113,3011,tournament,5,13,2,6268,14999
301113,3011,tournament,5,13,3,8017,14999
301113,3011,tournament,5,13,4,621,14999
301113,3011,tournament,5,13,5,79,14999
301113,3011,tournament,5,13,6,13,14999
302209,3022,tournament,5,7,2,6471,104303
302209,3022,tournament,5,7,3,62242,104303
302209,3022,tournament,5,7,4,31272,104303
302209,3022,tournament,5,7,5,3881,104303
302209,3022,tournament,5,7,6,437,104303
302211,3022,tournament,5,10,2,9782,98373
302211,3022,tournament,5,10,3,55477,98373
302211,3022,tournament,5,10,4,28397,98373
302211,3022,tournament,5,10,5,4299,98373
302211,3022,tournament,5,10,6,418,98373
302213,3022,tournament,5,13,1,1,15625
302213,3022,tournament,5,13,2,3478,15625
302213,3022,tournament,5,13,3,9196,15625
302213,3022,tournament,5,13,4,2518,15625
302213,3022,tournament,5,13,5,370,15625
302213,3022,tournament,5,13,6,62,15625
303607,3036,tournament,3,7,1,3696,116866
303607,3036,tournament,3,7,2,74891,116866
303607,3036,tournament,3,7,3,37673,116866
303607,3036,tournament,3,7,4,558,116866
303607,3036,tournament,3,7,5,40,116866
303607,3036,tournament,3,7,6,8,116866
303609,3036,tournament,3,10,1,7084,105591
303609,3036,tournament,3,10,2,80574,105591
303609,3036,tournament,3,10,3,17710,105591
303609,3036,tournament,3,10,4,202,105591
303609,3036,tournament,3,10,5,16,105591
303609,3036,tournament,3,10,6,5,105591
303611,3036,tournament,3,13,1,4287,16400
303611,3036,tournament,3,13,2,11426,16400
303611,3036,tournament,3,13,3,673,16400
303611,3036,tournament,3,13,4,10,16400
303611,3036,tournament,3,13,5,3,16400
303611,3036,tournament,3,13,6,1,16400
303909,3039,tournament,5,7,2,5740,107247
303909,3039,tournament,5,7,3,49813,107247
303909,3039,tournament,5,7,4,42740,107247
303909,3039,tournament,5,7,5,7597,107247
303909,3039,tournament,5,7,6,1357,107247
303911,3039,tournament,5,10,1,1,98785
303911,3039,tournament,5,10,2,10889,98785
303911,3039,tournament,5,10,3,50344,98785
303911,3039,tournament,5,10,4,33206,98785
303911,3039,tournament,5,10,5,3823,98785
303911,3039,tournament,5,10,6,522,98785
303913,3039,tournament,5,13,1,8,15279
303913,3039,tournament,5,13,2,4973,15279
303913,3039,tournament,5,13,3,7552,15279
303913,3039,tournament,5,13,4,2392,15279
303913,3039,tournament,5,13,5,296,15279
303913,3039,tournament,5,13,6,58,15279
304109,3041,tournament,5,7,2,4434,104069
304109,3041,tournament,5,7,3,54030,104069
304109,3041,tournament,5,7,4,41533,104069
304109,3041,tournament,5,7,5,3783,104069
304109,3041,tournament,5,7,6,289,104069
304111,3041,tournament,5,10,2,5765,97668
304111,3041,tournament,5,10,3,56772,97668
304111,3041,tournament,5,10,4,33317,97668
304111,3041,tournament,5,10,5,1712,97668
304111,3041,tournament,5,10,6,102,97668
304113,3041,tournament,5,13,1,1,15542
304113,3041,tournament,5,13,2,2946,15542
304113,3041,tournament,5,13,3,9670,15542
304113,3041,tournament,5,13,4,2711,15542
304113,3041,tournament,5,13,5,200,15542
304113,3041,tournament,5,13,6,14,15542
304209,3042,tournament,5,7,1,24,103336
304209,3042,tournament,5,7,2,10316,103336
304209,3042,tournament,5,7,3,54530,103336
304209,3042,tournament,5,7,4,32615,103336
304209,3042,tournament,5,7,5,5187,103336
304209,3042,tournament,5,7,6,664,103336
304211,3042,tournament,5,10,2,5072,98902
304211,3042,tournament,5,10,3,60406,98902
304211,3042,tournament,5,10,4,27440,98902
304211,3042,tournament,5,10,5,5348,98902
304211,3042,tournament,5,10,6,636,98902
304213,3042,tournament,5,13,2,2519,15906
304213,3042,tournament,5,13,3,9561,15906
304213,3042,tournament,5,13,4,3315,15906
304213,3042,tournament,5,13,5,449,15906
304213,3042,tournament,5,13,6,62,15906
304309,3043,tournament,5,7,1,1,105266
304309,3043,tournament,5,7,2,4464,105266
304309,3043,tournament,5,7,3,65629,105266
304309,3043,tournament,5,7,4,33512,105266
304309,3043,tournament,5,7,5,1554,105266
304309,3043,tournament,5,7,6,106,105266
304311,3043,tournament,5,10,1,6,97487
304311,3043,tournament,5,10,2,10937,97487
304311,3043,tournament,5,10,3,62990,97487
304311,3043,tournament,5,10,4,22780,97487
304311,3043,tournament,5,10,5,738,97487
304311,3043,tournament,5,10,6,36,97487
304313,3043,tournament,5,13,1,10,15192
304313,3043,tournament,5,13,2,4270,15192
304313,3043,tournament,5,13,3,9505,15192
304313,3043,tournament,5,13,4,1319,15192
304313,3043,tournament,5,13,5,77,15192
304313,3043,tournament,5,13,6,11,15192
304707,3047,tournament,5,7,2,2347,107901
304707,3047,tournament,5,7,3,66275,107901
304707,3047,tournament,5,7,4,36124,107901
304707,3047,tournament,5,7,5,2727,107901
304707,3047,tournament,5,7,6,428,107901
304709,3047,tournament,5,10,2,6163,98978
304709,3047,tournament,5,10,3,75046,98978
304709,3047,tournament,5,10,4,16884,98978
304709,3047,tournament,5,10,5,810,98978
304709,3047,tournament,5,10,6,75,98978
304711,3047,tournament,5,13,2,3532,15444
304711,3047,tournament,5,13,3,10589,15444
304711,3047,tournament,5,13,4,1216,15444
304711,3047,tournament,5,13,5,93,15444
304711,3047,tournament,5,13,6,14,15444
305209,3052,tournament,5,7,1,3,107269
305209,3052,tournament,5,7,2,9592,107269
305209,3052,tournament,5,7,3,47818,107269
305209,3052,tournament,5,7,4,35811,107269
305209,3052,tournament,5,7,5,11482,107269
305209,3052,tournament,5,7,6,2563,107269
305211,3052,tournament,5,10,1,1,98922
305211,3052,tournament,5,10,2,15701,98922
305211,3052,tournament,5,10,3,52870,98922
305211,3052,tournament,5,10,4,24010,98922
305211,3052,tournament,5,10,5,5482,98922
305211,3052,tournament,5,10,6,858,98922
305213,3052,tournament,5,13,1,15,15165
305213,3052,tournament,5,13,2,5830,15165
305213,3052,tournament,5,13,3,7360,15165
305213,3052,tournament,5,13,4,1593,15165
305213,3052,tournament,5,13,5,311,15165
305213,3052,tournament,5,13,6,56,15165
305309,3053,tournament,5,7,2,4035,103440
305309,3053,tournament,5,7,3,49796,103440
305309,3053,tournament,5,7,4,41958,103440
305309,3053,tournament,5,7,5,7316,103440
305309,3053,tournament,5,7,6,335,103440
305311,3053,tournament,5,10,1,1,97591
305311,3053,tournament,5,10,2,7603,97591
305311,3053,tournament,5,10,3,58868,97591
305311,3053,tournament,5,10,4,27627,97591
305311,3053,tournament,5,10,5,3349,97591
305311,3053,tournament,5,10,6,143,97591
305313,3053,tournament,5,13,2,2649,15602
305313,3053,tournament,5,13,3,9280,15602
305313,3053,tournament,5,13,4,3274,15602
305313,3053,tournament,5,13,5,370,15602
305313,3053,tournament,5,13,6,29,15602
305409,3054,tournament,4,7,1,3528,103646
305409,3054,tournament,4,7,2,45075,103646
305409,3054,tournament,4,7,3,43471,103646
305409,3054,tournament,4,7,4,9450,103646
305409,3054,tournament,4,7,5,1724,103646
305409,3054,tournament,4,7,6,398,103646
305411,3054,tournament,4,10,1,9735,97531
305411,3054,tournament,4,10,2,61564,97531
305411,3054,tournament,4,10,3,21794,97531
305411,3054,tournament,4,10,4,3748,97531
305411,3054,tournament,4,10,5,589,97531
305411,3054,tournament,4,10,6,101,97531
305413,3054,tournament,4,13,1,1302,15576
305413,3054,tournament,4,13,2,10729,15576
305413,3054,tournament,4,13,3,3166,15576
305413,3054,tournament,4,13,4,330,15576
305413,3054,tournament,4,13,5,45,15576
305413,3054,tournament,4,13,6,4,15576
305709,3057,tournament,3,7,1,691,106035
305709,3057,tournament,3,7,2,79471,106035
305709,3057,tournament,3,7,3,24165,106035
305709,3057,tournament,3,7,4,1548,106035
305709,3057,tournament,3,7,5,139,106035
305709,3057,tournament,3,7,6,21,106035
305711,3057,tournament,3,10,1,1781,100407
305711,3057,tournament,3,10,2,82070,100407
305711,3057,tournament,3,10,3,15567,100407
305711,3057,tournament,3,10,4,892,100407
305711,3057,tournament,3,10,5,84,100407
305711,3057,tournament,3,10,6,13,100407
305713,3057,tournament,3,13,1,2319,15851
305713,3057,tournament,3,13,2,12592,15851
305713,3057,tournament,3,13,3,879,15851
305713,3057,tournament,3,13,4,52,15851
305713,3057,tournament,3,13,5,8,15851
305713,3057,tournament,3,13,6,1,15851
306009,3060,tournament,5,7,1,1,106079
306009,3060,tournament,5,7,2,759,106079
306009,3060,tournament,5,7,3,39019,106079
306009,3060,tournament,5,7,4,49149,106079
306009,3060,tournament,5,7,5,14771,106079
306009,3060,tournament,5,7,6,2380,106079
306011,3060,tournament,5,10,2,3900,98761
306011,3060,tournament,5,10,3,51196,98761
306011,3060,tournament,5,10,4,37313,98761
306011,3060,tournament,5,10,5,5882,98761
306011,3060,tournament,5,10,6,470,98761
306013,3060,tournament,5,13,2,2001,15751
306013,3060,tournament,5,13,3,9005,15751
306013,3060,tournament,5,13,4,4105,15751
306013,3060,tournament,5,13,5,577,15751
306013,3060,tournament,5,13,6,63,15751
307309,3073,tournament,3,7,1,2376,105016
307309,3073,tournament,3,7,2,53058,105016
307309,3073,tournament,3,7,3,40515,105016
307309,3073,tournament,3,7,4,7700,105016
307309,3073,tournament,3,7,5,1127,105016
307309,3073,tournament,3,7,6,240,105016
307311,3073,tournament,3,10,1,5230,100112
307311,3073,tournament,3,10,2,64425,100112
307311,3073,tournament,3,10,3,25983,100112
307311,3073,tournament,3,10,4,3591,100112
307311,3073,tournament,3,10,5,724,100112
307311,3073,tournament,3,10,6,159,100112
307313,3073,tournament,3,13,1,4425,15859
307313,3073,tournament,3,13,2,10116,15859
307313,3073,tournament,3,13,3,1137,15859
307313,3073,tournament,3,13,4,138,15859
307313,3073,tournament,3,13,5,36,15859
307313,3073,tournament,3,13,6,7,15859
3013509,30135,tournament,5,7,2,1773,105847
3013509,30135,tournament,5,7,3,28384,105847
3013509,30135,tournament,5,7,4,55838,105847
3013509,30135,tournament,5,7,5,17154,105847
3013509,30135,tournament,5,7,6,2698,105847
3013511,30135,tournament,5,10,2,3065,100053
3013511,30135,tournament,5,10,3,34223,100053
3013511,30135,tournament,5,10,4,50969,100053
3013511,30135,tournament,5,10,5,10753,100053
3013511,30135,tournament,5,10,6,1043,100053
3013513,30135,tournament,5,13,2,1606,15562
3013513,30135,tournament,5,13,3,9726,15562
3013513,30135,tournament,5,13,4,3652,15562
3013513,30135,tournament,5,13,5,512,15562
3013513,30135,tournament,5,13,6,66,15562
3013609,30136,tournament,5,7,0,1,107179
3013609,30136,tournament,5,7,2,901,107179
3013609,30136,tournament,5,7,3,34322,107179
3013609,30136,tournament,5,7,4,46625,107179
3013609,30136,tournament,5,7,5,19884,107179
3013609,30136,tournament,5,7,6,5446,107179
3013611,30136,tournament,5,10,2,1009,106648
3013611,30136,tournament,5,10,3,23140,106648
3013611,30136,tournament,5,10,4,50369,106648
3013611,30136,tournament,5,10,5,27447,106648
3013611,30136,tournament,5,10,6,4683,106648
3013613,30136,tournament,5,13,2,2003,16092
3013613,30136,tournament,5,13,3,7054,16092
3013613,30136,tournament,5,13,4,5598,16092
3013613,30136,tournament,5,13,5,1260,16092
3013613,30136,tournament,5,13,6,177,16092
3013809,30138,tournament,5,7,2,2443,101175
3013809,30138,tournament,5,7,3,52093,101175
3013809,30138,tournament,5,7,4,37180,101175
3013809,30138,tournament,5,7,5,8655,101175
3013809,30138,tournament,5,7,6,804,101175
3013811,30138,tournament,5,10,2,93,93642
3013811,30138,tournament,5,10,3,18199,93642
3013811,30138,tournament,5,10,4,38736,93642
3013811,30138,tournament,5,10,5,30983,93642
3013811,30138,tournament,5,10,6,5631,93642
3013813,30138,tournament,5,13,2,1083,14992
3013813,30138,tournament,5,13,3,7984,14992
3013813,30138,tournament,5,13,4,3673,14992
3013813,30138,tournament,5,13,5,1718,14992
3013813,30138,tournament,5,13,6,534,14992
5509,55,arena,4,9,2,5,11
5509,55,arena,4,9,3,6,11
5509,55,challegen,4,9,1,2419,432082
5509,55,challegen,4,9,2,293370,432082
5509,55,challegen,4,9,3,133386,432082
5509,55,challegen,4,9,4,2888,432082
5509,55,challegen,4,9,5,17,432082
5509,55,challegen,4,9,6,2,432082
5509,55,season,4,9,1,372,442166
5509,55,season,4,9,2,185627,442166
5509,55,season,4,9,3,238723,442166
5509,55,season,4,9,4,17345,442166
5509,55,season,4,9,5,96,442166
5509,55,season,4,9,6,3,442166
5509,55,stage,4,9,2,21,48
5509,55,stage,4,9,3,27,48
5509,55,weekcontest,4,9,2,3,5
5509,55,weekcontest,4,9,3,2,5
5511,55,arena,4,11,2,1,2
5511,55,arena,4,11,3,1,2
5511,55,season,4,11,1,2426,415942
5511,55,season,4,11,2,288142,415942
5511,55,season,4,11,3,125049,415942
5511,55,season,4,11,4,323,415942
5511,55,season,4,11,5,2,415942
5511,55,stage,4,11,2,3,10
5511,55,stage,4,11,3,7,10
5511,55,weekcontest,4,11,4,1,1
5513,55,season,4,13,1,387,34612
5513,55,season,4,13,2,32238,34612
5513,55,season,4,13,3,1983,34612
5513,55,season,4,13,4,4,34612
5513,55,stage,4,13,2,1,1
5608,56,challegen,5,8,1,3,427453
5608,56,challegen,5,8,2,63458,427453
5608,56,challegen,5,8,3,251871,427453
5608,56,challegen,5,8,4,91846,427453
5608,56,challegen,5,8,5,19001,427453
5608,56,challegen,5,8,6,1274,427453
5608,56,season,5,8,3,2,2
5608,56,stage,5,8,2,2,13
5608,56,stage,5,8,3,8,13
5608,56,stage,5,8,4,3,13
5608,56,weekcontest,5,8,3,1,2
5608,56,weekcontest,5,8,4,1,2
5808,58,arena,5,8,3,1,1
5808,58,challegen,5,8,2,8281,370313
5808,58,challegen,5,8,3,95739,370313
5808,58,challegen,5,8,4,243487,370313
5808,58,challegen,5,8,5,22221,370313
5808,58,challegen,5,8,6,585,370313
5808,58,season,5,8,4,2,2
5808,58,stage,5,8,4,9,12
5808,58,stage,5,8,5,3,12
5808,58,weekcontest,5,8,3,1,2
5808,58,weekcontest,5,8,4,1,2
5908,59,arena,5,8,3,1,2
5908,59,arena,5,8,4,1,2
5908,59,challegen,5,8,1,29,437422
5908,59,challegen,5,8,2,50724,437422
5908,59,challegen,5,8,3,235567,437422
5908,59,challegen,5,8,4,97602,437422
5908,59,challegen,5,8,5,43600,437422
5908,59,challegen,5,8,6,9900,437422
5908,59,season,5,8,1,5,533105
5908,59,season,5,8,2,27402,533105
5908,59,season,5,8,3,334437,533105
5908,59,season,5,8,4,151348,533105
5908,59,season,5,8,5,18574,533105
5908,59,season,5,8,6,1339,533105
5908,59,stage,5,8,3,10,22
5908,59,stage,5,8,4,10,22
5908,59,stage,5,8,5,2,22
5908,59,weekcontest,5,8,3,1,2
5908,59,weekcontest,5,8,5,1,2
5910,59,arena,5,10,2,1033,1035
5910,59,arena,5,10,4,1,1035
5910,59,arena,5,10,5,1,1035
5910,59,challegen,5,10,3,1,1
5910,59,season,5,10,1,5,418288
5910,59,season,5,10,2,33035,418288
5910,59,season,5,10,3,284336,418288
5910,59,season,5,10,4,96891,418288
5910,59,season,5,10,5,3948,418288
5910,59,season,5,10,6,73,418288
5910,59,stage,5,10,3,1,2
5910,59,stage,5,10,4,1,2
5912,59,season,5,12,1,97,13755
5912,59,season,5,12,2,9123,13755
5912,59,season,5,12,3,4202,13755
5912,59,season,5,12,4,302,13755
5912,59,season,5,12,5,27,13755
5912,59,season,5,12,6,4,13755
6108,61,,5,8,4,1,1
6108,61,arena,5,8,2,128,132
6108,61,arena,5,8,3,3,132
6108,61,arena,5,8,4,1,132
6108,61,challegen,5,8,2,20579,440760
6108,61,challegen,5,8,3,293576,440760
6108,61,challegen,5,8,4,112821,440760
6108,61,challegen,5,8,5,13264,440760
6108,61,challegen,5,8,6,520,440760
6108,61,season,5,8,2,8668,548669
6108,61,season,5,8,3,370117,548669
6108,61,season,5,8,4,163464,548669
6108,61,season,5,8,5,6356,548669
6108,61,season,5,8,6,64,548669
6108,61,stage,5,8,3,18,28
6108,61,stage,5,8,4,10,28
6108,61,weekcontest,5,8,3,3,4
6108,61,weekcontest,5,8,4,1,4
6110,61,arena,5,10,2,944,976
6110,61,arena,5,10,3,32,976
6110,61,season,5,10,2,28929,467913
6110,61,season,5,10,3,410462,467913
6110,61,season,5,10,4,28017,467913
6110,61,season,5,10,5,501,467913
6110,61,season,5,10,6,4,467913
6110,61,stage,5,10,3,7,9
6110,61,stage,5,10,4,2,9
6110,61,weekcontest,5,10,3,1,1
6112,61,season,5,12,2,7337,14820
6112,61,season,5,12,3,7370,14820
6112,61,season,5,12,4,110,14820
6112,61,season,5,12,5,3,14820
6209,62,challegen,3,9,1,26,26
6209,62,season,3,9,0,1,88
6209,62,season,3,9,1,87,88
6211,62,challegen,3,11,1,5,5
6211,62,season,3,11,1,801,801
6213,62,season,3,13,1,454,454
13709,137,challegen,3,9,1,6666,6666
13709,137,season,3,9,1,5137,5137
13711,137,challegen,3,11,1,1194,1194
13711,137,season,3,11,1,20123,20123
13713,137,challegen,3,13,1,919,919
13713,137,season,3,13,1,20787,20787
13713,137,stage,3,13,1,3,3
103405,1034,weekcontest,4,5,2,1,1
103405,1034,weekcontest,4,5,0,1,993022
103405,1034,weekcontest,4,5,1,340,993022
103405,1034,weekcontest,4,5,2,104512,993022
103405,1034,weekcontest,4,5,3,508754,993022
103405,1034,weekcontest,4,5,4,317980,993022
103405,1034,weekcontest,4,5,5,49426,993022
103405,1034,weekcontest,4,5,6,12009,993022
103407,1034,arena,4,7,3,1,1
103407,1034,weekcontest,4,7,1,449,803859
103407,1034,weekcontest,4,7,2,139190,803859
103407,1034,weekcontest,4,7,3,539922,803859
103407,1034,weekcontest,4,7,4,113721,803859
103407,1034,weekcontest,4,7,5,9285,803859
103407,1034,weekcontest,4,7,6,1292,803859
103410,34,weekcontest,4,10,1,204,100571
103410,34,weekcontest,4,10,2,37249,100571
103410,34,weekcontest,4,10,3,57596,100571
103410,34,weekcontest,4,10,4,5107,100571
103410,34,weekcontest,4,10,5,365,100571
103410,34,weekcontest,4,10,6,50,100571